Neighborhoods,r0,r1,Rpl1,Ln(Rpl1),Rpl2,Rpl3,Rpl4,Rpl Overall,Raw Visitor,Ln(Visitors),Raw Visits,Ln(Visits),Tot pop,Sum of Area Sqmi,Pop Dens,Ln(pop dens),Males,Males perc,Females,Female perc,White pop,White perc,Asian pop,Asian perc,Ln(Asian perc+1),Afri Amer perc,Afri Amer pop,Ln(Afri Amer perc+1),Pacific Isl pop,Pacific Isl perc,Log(Pacific Isl perc+1),Other pop,Two or more pop
Acton,100.36,138,2.05135,0.718498113,1.2531,1.56505,0.2628,2.05135,2129,7.663407665,4661,8.446985296,7613,67.66479326,112.5105041,4.723046587,4102,0.538815185,3669,0.481938789,6371,0.836858006,114,0.014974386,0.014863377,0.003021148,23,0.003016594,5,0.000656771,0.000656555,807,271
Adams-Normandie,402.34,670.57,0.155657794,-1.860095309,3.46428,2.06192,1.67858,3.34084,51900,10.85707407,93768,11.44857893,18237,0.778288968,23432.17076,10.06186518,8335,0.45703789,9197,0.504304436,3922,0.215057301,1391,0.07627351,0.073504621,0.007402533,135,0.007375269,11,0.000603169,0.000602987,7793,367
Agoura Hills,153.23,167.6,1.803121437,0.589519295,0.644633333,1.737233333,0.339366667,1.367333333,14395,9.574636203,26624,10.18956834,18943,5.40936431,3501.890225,8.161058166,9129,0.481919443,9729,0.513593412,16124,0.851185134,1189,0.062767249,0.060876119,0.000527899,10,0.00052776,0,0,0,601,636
Agua Dulce,72.15,216.45,1.6411,0.495366749,1.2519,1.423,0.3048,1.6411,53982.93893,10.89642333,101468.8244,11.52750688,4074,31.854393,127.8944477,4.851205296,1966,0.48257241,1753,0.430289642,3200,0.785468827,68,0.016691213,0.016553446,0,0,0,0,0,0,75,370
Alhambra,149.9,253.68,0.381550398,-0.963512332,2.076255,1.66798,1.68503,2.54648,16944,9.737669068,29971,10.30798553,84974,7.63100796,11135.35727,9.317880664,41442,0.487702121,43424,0.511026902,19352,0.22774025,43124,0.507496411,0.410450269,0.004036529,343,0.004028404,138,0.001624026,0.001622709,17814,2532
Altadena,240.72,359.93,1.119887162,0.113227932,1.4232375,1.8922125,0.922125,1.85495,32121,10.3772653,65521,11.09012598,44389,8.959097295,4954.628635,8.508077496,21700,0.488859853,22487,0.50658947,23663,0.53308252,3340,0.075243867,0.072547489,0.003334159,148,0.003328613,8,0.000180225,0.000180209,4396,2770
Arcadia,152.28,277.67,0.817953682,-0.200949567,1.405354545,1.769390909,1.351672727,1.671363636,44185,10.69614064,84922,11.34948847,52336,8.997490504,5816.733008,8.668494044,25623,0.489586518,28902,0.552239376,16236,0.310226231,32260,0.616401712,0.480202513,0.003057169,160,0.003052505,75,0.001433048,0.001432022,2935,1943
Arleta,500.44,852.49,0.447970277,-0.803028395,2.511916667,1.978633333,1.671666667,2.702566667,53982.93893,10.89642333,101468.8244,11.52750688,32949,2.687821659,12258.62582,9.413985117,15639,0.47464263,15228,0.462168806,18450,0.559956296,3043,0.092354851,0.08833578,0.005918237,195,0.005900793,0,0,0,7970,781
Artesia,89.31,226.26,0.540214485,-0.615789024,2.189966667,2.023266667,1.439666667,3.138533333,53982.93893,10.89642333,101468.8244,11.52750688,16817,1.620643454,10376.74262,9.247322294,8276,0.492121068,8513,0.50621395,6585,0.391568056,6299,0.374561456,0.318134739,0.001724446,29,0.001722961,28,0.001664982,0.001663597,2804,618
Atwater Village,259.1,354.56,0.484335615,-0.724977193,1.671066667,1.5285,1.214566667,2.1768,13880,9.538204234,25538,10.14792282,11185,1.453006846,7697.830214,8.948693778,5154,0.460795709,5205,0.465355387,5308,0.474564148,2423,0.216629414,0.19608426,0.004291462,48,0.00428228,47,0.004202056,0.004193252,2074,300
Avalon,0,0,1.222340244,0.200767254,1.4764,2.1242,0.7792,3.6828,762,6.635946556,2252,7.719573989,3669,1.222340244,3001.619245,8.00690717,1641,0.447260834,1940,0.528754429,2705,0.737258108,3,0.000817661,0.000817327,0,0,0,0,0,0,527,338
Avocado Heights,206.64,472.32,0.703458925,-0.351745791,2.7255,2.155,1.66505,1.73195,53982.93893,10.89642333,101468.8244,11.52750688,9957,1.40691785,7077.172274,8.864629711,4917,0.493823441,5206,0.522848247,4675,0.469518931,970,0.097418901,0.092960969,0.000803455,8,0.000803132,0,0,0,4351,108
Azusa,425.36,786.48,0.944396148,-0.057209553,2.05943,1.82823,1.24702,1.95363,50183,10.8234316,91060,11.41927391,38057,9.443961484,4029.770776,8.301464774,20162,0.529784271,20184,0.530362351,17173,0.451244186,3690,0.096959823,0.092542556,0.006700476,255,0.006678128,77,0.002023281,0.002021237,16772,1417
Baldwin Park,205.81,465.03,0.4077025,-0.897217537,2.59013125,1.8386125,1.79369375,2.3861625,53982.93893,10.89642333,101468.8244,11.52750688,74901,6.523240007,11482.17756,9.348551335,38590,0.515213415,36991,0.493865235,26248,0.350435909,13444,0.17949026,0.165082362,0.011708789,877,0.011640772,254,0.003391143,0.003385406,31713,1436
Bell,448.64,957.83,0.260943286,-1.34345219,3.191671429,2.043585714,1.854642857,2.736057143,53982.93893,10.89642333,101468.8244,11.52750688,35270,1.826603003,19309.06713,9.868330064,18018,0.510859087,17368,0.492429827,24675,0.699603062,354,0.010036859,0.009986824,0.003373972,119,0.003368293,109,0.003090445,0.003085679,9402,410
Bell Gardens,325.04,752.25,0.2731739,-1.29764669,3.434455556,2.148922222,1.881755556,2.928666667,53982.93893,10.89642333,101468.8244,11.52750688,42641,2.458565103,17343.85636,9.760993622,21392,0.50167679,21413,0.502169274,31329,0.734715415,340,0.007973547,0.007941926,0.003330128,142,0.003324595,9,0.000211064,0.000211042,10188,423
Bellflower,241.85,541.58,0.339950134,-1.078956337,2.426333333,2.114605556,1.366,2.8945,58573,10.97802912,106941,11.58003256,77529,6.119102412,12669.9955,9.446991918,37685,0.486076178,40002,0.515961769,27869,0.35946549,10096,0.130222239,0.122414285,0.004862697,377,0.004850912,87,0.001122161,0.001121532,25453,3252
Beverly Crest,279.44,295.41,3.084289726,1.126321396,0.5416,1.555566667,0.1922,0.477833333,4802,8.476787777,10803,9.287579152,10880,9.252869178,1175.851489,7.069747836,5295,0.486672794,5773,0.530606618,9315,0.856158088,1030,0.094669118,0.090452142,0,0,0,0,0,0,120,449
Beverly Hills,347.62,402.67,1.117326678,0.110938937,0.977957143,1.8034,0.450314286,1.526328571,63506,11.05888967,114757,11.65057213,34422,7.821286747,4401.066105,8.389602087,15913,0.462291558,18607,0.540555459,28824,0.837371448,3030,0.0880251,0.084364218,0.001191099,41,0.00119039,0,0,0,594,1596
Beverlywood,258.1,280.88,0.534445091,-0.626526283,0.6525,1.8849,0.286,0.3428,53982.93893,10.89642333,101468.8244,11.52750688,3929,0.534445091,7351.550358,8.902666503,2006,0.510562484,2209,0.562229575,3645,0.927716976,462,0.117587172,0.111172051,0,0,0,0,0,0,0,31
Bradbury,187.09,280.64,2.057642578,0.721560948,0.4167,2.058,0.6193,1.2231,53982.93893,10.89642333,101468.8244,11.52750688,6677,2.057642578,3244.97562,8.084863116,525,0.078628126,620,0.092856073,701,0.10498727,333,0.049872697,0.048668916,0.000299536,2,0.000299491,0,0,0,59,30
Brentwood,226.13,261.67,1.357944904,0.305972457,0.76321,1.65733,0.26237,1.39896,30217,10.31615996,56659,10.94480612,33846,13.57944904,2492.442801,7.821018553,14510,0.428706494,17953,0.530431957,27617,0.815960527,2861,0.08452993,0.081146649,0.002186374,74,0.002183987,0,0,0,273,1275
Burbank,292.97,376.94,0.726308425,-0.319780527,1.55615,1.6928375,0.763629167,1.91915,141455,11.85973692,245363,12.41049403,105959,17.43140221,6078.627454,8.712534202,50416,0.47580668,54167,0.511207165,74759,0.705546485,11972,0.112987099,0.107047481,0.004114799,436,0.004106356,48,0.000453005,0.000452902,9724,5046
Calabasas,197.34,333.02,3.328892293,1.202639604,0.866466667,1.979933333,0.452733333,1.116766667,2760,7.922985959,6484,8.777092883,13072,9.98667688,1308.943922,7.176975925,6169,0.471924725,6967,0.532971236,10652,0.814871481,1217,0.093099755,0.089017472,0.002294982,30,0.002292353,10,0.000764994,0.000764702,132,929
Canoga Park,588.15,781.14,0.325781492,-1.121528392,2.451584615,1.837792308,1.440553846,2.994846154,44333,10.6994846,76421,11.24401281,61398,4.235159402,14497.21113,9.581711574,29693,0.483615101,28918,0.47099254,29186,0.475357504,8793,0.143213134,0.133842836,0.003355158,206,0.003349542,140,0.002280205,0.002277609,16177,1513
Carson,331.39,450.74,0.951643673,-0.049564607,2.03562381,2.009142857,1.300080952,2.264871429,45665,10.72908742,84003,11.33860779,99199,19.98451713,4963.792689,8.509925383,48002,0.483896007,50762,0.511718868,28821,0.290537203,24017,0.242109295,0.216810979,0.007439591,738,0.007412054,2088,0.021048599,0.020830137,12916,7391
Carthay,480.4,563.95,0.388553555,-0.945324268,1.0655,1.3255,0.5615,1.9955,11962,9.389490238,22437,10.01846666,8143,0.777107109,10478.60701,9.25709103,4012,0.492693111,3999,0.491096647,5351,0.657128822,776,0.095296574,0.09102517,0.001964878,16,0.00196295,42,0.005157804,0.005144548,382,635
Century City,250.16,265.79,0.432296402,-0.83864381,0.514,2.0947,0.5919,1.8406,6040,8.706159291,15189,9.628326761,2314,0.432296402,5352.808835,8.585376718,1207,0.521607606,1148,0.496110631,1831,0.791270527,453,0.195764909,0.178786072,0,0,0,28,0.012100259,0.012027636,0,37
Cerritos,147.8,257.65,0.792903104,-0.232054254,1.287436364,1.761927273,1.324236364,1.663281818,27270,10.21354248,46635,10.75010661,50172,8.72193414,5752.393815,8.657371363,24040,0.479151718,25757,0.513373993,11277,0.224766802,30249,0.602906003,0.471818234,0.002571155,129,0.002567855,73,0.001454995,0.001453938,2208,1719
Charter Oak,0,0,0.615189058,-0.485825647,2.2507,2.1306,1.13805,2.79185,25386,10.14195312,44887,10.7119035,12903,1.230378116,10487.02007,9.257893588,6122,0.474463303,6449,0.499806247,6016,0.466248159,1610,0.124777184,0.117584957,0.00170503,22,0.001703578,0,0,0,3202,1151
Chatsworth,353.47,542.35,1.234737148,0.210858112,1.132207692,1.685753846,0.675076923,1.807269231,65724,11.09321943,131579,11.78736271,49862,16.05158292,3106.360303,8.041206999,23007,0.461413501,23879,0.478901769,28720,0.575989732,9839,0.197324616,0.180089581,0.005354779,267,0.005340493,58,0.00116321,0.001162534,3651,2400
Cheviot Hills,196.27,239.89,0.868648226,-0.140817039,0.30745,1.8471,0.2638,1.6148,19802,9.893538222,39850,10.59287768,9094,1.737296451,5234.570067,8.563039993,4747,0.521992523,5017,0.551682428,8258,0.908071256,804,0.088409941,0.084717861,0.003078953,28,0.003074223,7,0.000769738,0.000769442,110,327
Chinatown,124.67,311.68,0.220482099,-1.511938771,3.1007,1.707,1.588125,2.95625,53982.93893,10.89642333,101468.8244,11.52750688,19002,0.881928397,21545.96684,9.977943924,12106,0.637090833,5546,0.291864014,5500,0.289443217,6306,0.331859804,0.286576314,0.012735502,242,0.012655088,41,0.002157668,0.002155344,1948,474
Claremont,82.23,123.34,1.777114813,0.574991158,1.5736,1.8321,0.6577875,2.025375,11784,9.374497958,21888,9.99369382,31943,14.2169185,2246.830071,7.717275644,18508,0.579407069,19698,0.616660927,25952,0.812447172,5720,0.179068967,0.164725116,0.008483862,271,0.008448076,17,0.000532198,0.000532056,2840,1707
Commerce,160.69,612.14,2.463736553,0.901679122,3.226166667,2.482866667,1.743366667,2.498733333,36852,10.51466517,70504,11.16342472,13510,7.39120966,1827.846945,7.51089402,6937,0.513471503,6614,0.489563286,10191,0.754330126,123,0.009104367,0.009063172,0.010510733,142,0.010455879,15,0.001110289,0.001109673,2412,320
Compton,295.28,634.61,0.432027337,-0.839266413,3.223320833,2.380729167,1.745291667,2.888691667,32450,10.38745572,59627,10.99586377,111410,10.36865608,10744.88334,9.282184952,54350,0.487837717,57884,0.519558388,42385,0.380441612,1095,0.009828561,0.009780575,0.00435329,485,0.004343842,336,0.003015887,0.003011348,31925,2323
Covina,448.41,719.94,0.546951205,-0.603395685,2.2371,2.136,1.3156,2.8827,40357,10.60552014,70771,11.16720459,44542,5.469512052,8143.688061,9.004998435,23870,0.535898702,25198,0.565713259,23690,0.531857573,5483,0.123097301,0.116090316,0.009743613,434,0.00969645,0,0,0,15054,2266
Cudahy,406.62,1072,0.186713586,-1.678179462,3.466683333,2.18875,1.871916667,2.655966667,53982.93893,10.89642333,101468.8244,11.52750688,24016,1.120281516,21437.46876,9.972895547,11920,0.496335776,12186,0.507411726,17123,0.712983011,149,0.006204197,0.00618503,0.003164557,76,0.00315956,40,0.001665556,0.00166417,6106,511
Culver City,296,403.86,0.522297936,-0.649517095,1.1808,1.590342857,0.849671429,2.477128571,10299,9.239802082,17719,9.782392789,29462,3.656085552,8058.345348,8.994463523,14312,0.485778291,15174,0.515036318,19485,0.661360396,4474,0.151856629,0.141375101,0.006958116,205,0.00693402,17,0.000577014,0.000576848,2023,1760
Del Aire,250.4,364.22,0.754021685,-0.282334151,1.9224,2.07305,1.15625,2.4581,53982.93893,10.89642333,101468.8244,11.52750688,13911,1.508043369,9224.53577,9.129622145,7874,0.566026885,6764,0.486233916,7981,0.57371864,927,0.066637912,0.064511563,0.004241248,59,0.004232279,351,0.025231831,0.024918764,2893,1083
Del Rey,193.75,585.05,0.327035399,-1.11768686,1.780428571,1.663142857,0.954371429,2.339271429,20432,9.924857578,36096,10.49393733,28866,2.289247793,12609.38204,9.442196422,13811,0.478452158,15278,0.529273193,18498,0.640823114,4329,0.149968821,0.13973483,0.019781057,571,0.019587954,52,0.001801427,0.001799806,2644,1866
Diamond Bar,76.5,118.23,2.044146768,0.714980474,1.210144444,1.527077778,1.377522222,1.388877778,53982.93893,10.89642333,101468.8244,11.52750688,46464,18.39732092,2525.585123,7.834228047,22297,0.479876894,24129,0.519305269,13076,0.281422176,24827,0.534327652,0.428092273,0.005940083,276,0.00592251,529,0.011385158,0.011320835,3954,1899
Downey,267.8,652,0.550203408,-0.597467236,2.060378261,1.929565217,1.419352174,2.300765217,82573,11.32143803,155486,11.95431097,118940,12.65467838,9398.895526,9.148347464,57811,0.486051791,61608,0.51797545,78082,0.65648226,8262,0.069463595,0.06715721,0.002438204,290,0.002435236,232,0.001950563,0.001948663,24432,3408
Duarte,639.18,947.28,13.52462088,2.604511793,1.099133333,1.7569,0.9335,1.9763,25650,10.15229885,46764,10.75286896,16059,40.57386265,395.7966768,5.980900637,7893,0.491500093,9405,0.585652905,9336,0.581356249,2669,0.166199639,0.15375029,0.007347905,118,0.007321041,0,0,0,2810,736
Eagle Rock,325.85,464.78,0.518041306,-0.657700299,1.8178875,1.9686875,1.0920125,2.536225,36295,10.49943527,70268,11.16007178,33724,4.144330451,8137.381997,9.004223785,15890,0.471177796,17269,0.512068557,17852,0.529355948,8427,0.24988139,0.223048659,0.009340529,315,0.009297176,104,0.003083857,0.003079112,3887,2027
East Hollywood,587.29,778.5,0.133771687,-2.011620761,2.858516667,1.677727778,1.563533333,3.515711111,22141,10.00518637,40500,10.60905725,66648,2.407890374,27679.00097,10.22842932,34252,0.513923899,34325,0.515019205,26689,0.400447125,12562,0.188482775,0.172677515,0.003135878,209,0.003130971,79,0.001185332,0.00118463,25267,1785
East La Mirada,170.07,302.34,0.556293638,-0.586458998,1.9723,1.7049,0.8499,2.09495,53982.93893,10.89642333,101468.8244,11.52750688,10391,1.112587276,9339.492033,9.142007144,4963,0.477624868,5472,0.526609566,7384,0.710614955,572,0.055047637,0.053585919,0.00904629,94,0.009005617,11,0.001058608,0.001058048,2010,339
East Los Angeles,391.96,876.51,0.256038632,-1.36242694,3.353039286,2.073903571,1.869067857,2.257164286,29718,10.2995082,62894,11.04920605,117348,7.169081703,16368.62361,9.703121587,59598,0.507874016,61763,0.526323414,60517,0.515705423,1224,0.010430514,0.010376492,0.005138562,603,0.005125405,7,5.97E-05,5.96E-05,56847,1728
East Pasadena,0,62.47,0.438403763,-0.82461496,1.1612,1.5466,1.2474,1.4186,53982.93893,10.89642333,101468.8244,11.52750688,2390,0.438403763,5451.595542,8.603663605,1260,0.527196653,1155,0.483263598,1056,0.441841004,862,0.360669456,0.307976826,0.00376569,9,0.003758618,0,0,0,284,166
Echo Park,231.48,343.71,0.253293122,-1.373207876,2.247466667,1.4629,1.326477778,2.930177778,30098,10.312214,73739,11.20828711,35650,2.2796381,15638.44717,9.657487723,17838,0.500364656,17482,0.490378682,19779,0.554810659,5409,0.151725105,0.14126091,0.017251052,615,0.017103942,17,0.000476858,0.000476744,6839,1418
El Monte,211.48,484.36,0.407406561,-0.897943671,2.7034875,2.0938875,1.798408333,3.043595833,90450,11.41255249,170188,12.04465899,110090,9.777757475,11259.22792,9.328943331,54756,0.497374875,55886,0.507639204,55549,0.504578072,32668,0.296739032,0.259852676,0.005141248,566,0.005128077,400,0.003633391,0.003626806,19469,1510
El Segundo,178.72,208.51,0.910502969,-0.093758119,0.8434,1.0593,0.213216667,1.120933333,18090,9.803114578,38918,10.56921215,16850,5.463017816,3084.37581,8.034104585,8367,0.496557864,8534,0.506468843,13448,0.79810089,1259,0.074718101,0.072058396,0.004866469,82,0.004854666,61,0.003620178,0.003613641,427,1338
El Sereno,296.59,428.15,0.367325298,-1.001507453,2.936054545,2.256709091,1.669418182,2.466709091,130766,11.78116475,228133,12.33768407,40776,4.04057828,10091.62481,9.219461132,19748,0.484304493,21098,0.517412203,18069,0.443128311,3981,0.097630959,0.093154184,0.009098489,371,0.009057347,46,0.001128115,0.001127479,16836,880
Elizabeth Lake,60.2,180.61,8.748143903,2.168841552,1.8206,2.5474,0.5159,0.5054,53982.93893,10.89642333,101468.8244,11.52750688,1733,8.748143903,198.0991647,5.288767737,737,0.425274091,871,0.502596653,1523,0.878822851,24,0.013848817,0.013753798,0.009232545,16,0.009190186,0,0,0,10,35
Elysian Park,210.08,280.11,0.999182362,-0.000817972,3.14055,2.65645,1.6035,3.46985,331,5.802118375,862,6.759255271,4132,1.998364724,2067.690622,7.634187622,1671,0.404404647,1784,0.431752178,931,0.225314618,1234,0.298644724,0.261321201,0,0,0,0,0,0,1128,28
Elysian Valley,314.62,619.41,0.465455485,-0.764738815,2.495766667,1.985866667,1.605333333,2.3568,53982.93893,10.89642333,101468.8244,11.52750688,10696,1.396366455,7659.880371,8.943751645,4884,0.456619297,5116,0.478309648,3888,0.363500374,1996,0.186611818,0.171102034,0.004581152,49,0.00457069,24,0.002243829,0.002241315,3522,433
Encino,225.8,287.79,0.88863025,-0.118074047,1.327472727,2.080954545,0.542454545,1.814072727,34541,10.4499023,65428,11.08870558,52223,9.774932751,5342.543149,8.583457064,23905,0.457748502,27193,0.520709266,42516,0.814124045,4028,0.077130766,0.074300808,0.000248932,13,0.000248901,19,0.000363824,0.000363758,1439,1482
Exposition Park,389.61,612.24,0.249557138,-1.38806738,3.365728571,2.038171429,1.809042857,2.809785714,11279,9.330697869,23175,10.05082939,34253,1.746899965,19607.8772,9.883686662,16558,0.483402914,17316,0.505532362,6405,0.186990921,1368,0.039938108,0.0391612,0.012903979,442,0.012821432,124,0.003620121,0.003613584,16823,887
Florence-Firestone,908.36,1893.03,0.28066886,-1.270579739,3.545853846,2.162507692,1.907261538,2.580253846,53982.93893,10.89642333,101468.8244,11.52750688,64293,3.648695177,17620.81974,9.776836422,32247,0.501563156,31345,0.487533635,24612,0.382809948,218,0.003390727,0.003384991,0.009316722,599,0.009273589,12,0.000186646,0.000186629,31677,890
Gardena,311.53,455.06,0.449195957,-0.800296057,2.06306,1.957313333,1.497393333,2.656386667,74609,11.22001642,139131,11.84317121,62797,6.737939361,9319.911717,9.139908435,29407,0.468286702,33048,0.526267178,14180,0.225806965,16255,0.258849945,0.230198562,0.003009698,189,0.003005178,591,0.009411278,0.009367268,13867,2406
Glassell Park,442.98,591.7,0.364342063,-1.009662119,2.3460375,1.978825,1.3847625,2.4138375,1426,7.262628601,2500,7.824046011,30490,2.914736507,10460.63681,9.255374616,15381,0.504460479,14763,0.484191538,16235,0.532469662,5706,0.187143326,0.171549855,0.00764185,233,0.007612799,42,0.001377501,0.001376553,6342,1029
Glendale,371.93,477.01,1.653640909,0.502979468,2.030441026,1.969433333,0.966228205,2.398782051,103780,11.55002855,201546,12.21377292,193987,64.49199544,3007.923676,8.009005311,91692,0.472670849,100279,0.516936702,138295,0.712908597,31474,0.162247986,0.150356049,0.002943496,571,0.002939172,114,0.000587668,0.000587495,11485,7018
Glendora,447.07,736.94,1.396450357,0.333933558,1.620353846,2.0568,0.6841,2.2467,69002,11.14189077,128307,11.76218111,50221,18.15385465,2766.409723,7.92530563,26426,0.526194222,27649,0.550546584,38769,0.771967902,5958,0.118635631,0.112109756,0.00330539,166,0.003299939,77,0.001533223,0.001532049,5130,2532
Granada Hills,305.89,580.85,1.143221973,0.133850568,1.39114,1.80768,0.783166667,1.69968,171547,12.05261256,315638,12.66235127,58088,17.1483296,3387.385324,8.127813612,28646,0.493148327,29279,0.504045586,33804,0.581944636,9487,0.163321168,0.15127899,0.004424322,257,0.004414563,97,0.00166988,0.001668487,7957,3489
Green Meadows,437.11,874.22,0.312643488,-1.162691754,3.4387875,2.3703625,1.8203375,2.7737625,35209,10.46905701,73308,11.20242502,40766,2.501147905,16298.91616,9.698853891,18909,0.463842418,20899,0.512657607,12709,0.311754894,99,0.002428494,0.00242555,0.003802188,155,0.003794978,7,0.000171712,0.000171697,14555,468
Hacienda Heights,130.53,275.36,0.966782806,-0.033781415,1.718623077,1.756907692,1.547638462,1.583946154,53982.93893,10.89642333,101468.8244,11.52750688,54766,12.56817647,4357.513607,8.3796569,26927,0.491673666,26961,0.492294489,21538,0.393273199,21503,0.392634116,0.331197001,0.003724939,204,0.003718019,87,0.001588577,0.001587317,8554,1432
Hancock Park,422.56,475.38,0.597754751,-0.514574725,0.7128,1.4061,0.3806,1.5878,5270,8.569785642,10987,9.304468035,11451,1.793264253,6385.561961,8.761794777,5627,0.491398131,6003,0.524233691,8287,0.723692254,2096,0.183040782,0.168088058,0.000873286,10,0.000872905,0,0,0,573,481
Harbor City,196.08,354.32,0.275406556,-1.289506888,2.448414286,1.992585714,1.408757143,2.802385714,22288,10.0118037,44392,10.70081455,25966,1.927845895,13468.91889,9.508140006,12467,0.48012786,13217,0.509011785,10499,0.40433644,4732,0.182238312,0.167409516,0.005661249,147,0.005645284,545,0.020988986,0.020771752,4970,2205
Harbor Gateway,199.54,350.92,0.525358712,-0.643673989,2.9144625,2.176875,1.66645,2.953575,75568,11.23278819,146488,11.89469879,38859,4.202869693,9245.825552,9.131927437,18943,0.487480378,19814,0.509894748,11663,0.300136391,6019,0.154893332,0.144007986,0.00316529,123,0.003160291,97,0.002496204,0.002493094,12639,1872
Harvard Heights,487.94,765.18,0.145437159,-1.928011183,3.149633333,2.034983333,1.853316667,3.4858,15486,9.647691669,33291,10.41304237,21906,0.872622953,25103.62571,10.13076757,10985,0.501460787,11132,0.508171277,4535,0.207020908,4433,0.202364649,0.184290159,0.013786177,302,0.013692012,111,0.005067105,0.00505431,10276,461
Harvard Park,490.31,854.09,0.201247945,-1.603217574,2.5415,2.1042,1.7892,3.1361,53982.93893,10.89642333,101468.8244,11.52750688,3234,0.201247945,16069.72931,9.684692614,1421,0.439393939,1609,0.497526283,1057,0.326839827,0,0,0,0.000309215,1,0.000309167,0,0,0,883,27
Hawaiian Gardens,109.02,504.22,0.284485938,-1.257071454,3.0161,2.4436,1.698,2.6405,53982.93893,10.89642333,101468.8244,11.52750688,10645,0.568971876,18709.18485,9.836769851,5137,0.482573978,5224,0.490746829,4587,0.430906529,912,0.085674025,0.082201015,0.005448567,58,0.005433777,21,0.001972757,0.001970814,4344,150
Hawthorne,453.07,736.84,0.3395603,-1.080103734,2.508672222,2.010694444,1.498055556,2.649916667,43165,10.67278526,72957,11.19762551,89819,6.112085394,14695.3117,9.59528379,43619,0.485632216,45633,0.508055089,29814,0.331934223,6414,0.071410281,0.0689758,0.008160857,733,0.008127737,478,0.005321814,0.005307703,22860,8318
Hermosa Beach,127.1,147.43,0.285156713,-1.25471638,0.50516,1.06318,0.16158,1.39146,53982.93893,10.89642333,101468.8244,11.52750688,19650,1.425783564,13781.89544,9.531111085,9987,0.508244275,9739,0.49562341,17336,0.882239186,927,0.047175573,0.046096609,0.00870229,171,0.008664643,0,0,0,199,831
Hidden Hills,52.91,158.73,4.012157697,1.389329176,0.6045,1.7304,0.2327,0.8001,53982.93893,10.89642333,101468.8244,11.52750688,5568,4.012157697,1387.781942,7.235462026,2881,0.517420977,2868,0.515086207,4883,0.876975575,655,0.117636494,0.111216182,0,0,0,0,0,0,26,185
Highland Park,247.98,438.1,0.211150938,-1.555182055,2.593771429,2.107228571,1.495957143,2.617914286,53982.93893,10.89642333,101468.8244,11.52750688,48651,2.95611313,16457.75986,9.708552369,23733,0.487821422,24979,0.513432406,22773,0.468089042,5050,0.103800539,0.09875926,0.017697478,861,0.017542701,124,0.002548766,0.002545523,17417,1517
Hollywood,322.33,411.7,0.170494149,-1.7690543,2.260190909,1.05785,1.06115,2.998736364,77938,11.26366892,139787,11.84787511,75678,3.750871276,20176.11228,9.912254623,41703,0.551058432,35779,0.472779407,42333,0.559383176,5566,0.073548455,0.070969475,0.005179841,392,0.005166472,57,0.000753191,0.000752907,20793,3249
Hollywood Hills,248.01,288.78,0.762504539,-0.271146818,1.376133333,0.858533333,0.251266667,1.942166667,19288,9.86723842,35295,10.47149659,20391,4.575027232,4457.022651,8.402236255,11226,0.550537002,9310,0.456573979,16312,0.799960767,1309,0.064194988,0.062218634,0.004168506,85,0.004159842,38,0.001863567,0.001861833,752,1367
Huntington Park,364.8,897.72,0.160560903,-1.82908195,3.425494737,2.110726316,1.924489474,2.6354,35581,10.47956707,60464,11.00980343,61341,3.050657153,20107.47092,9.908846713,30262,0.493340506,31368,0.511370861,40416,0.658874162,396,0.006455715,0.006434966,0.002901811,178,0.002897609,193,0.003146346,0.003141407,19483,591
Hyde Park,332.85,550.09,0.287836184,-1.245363766,2.91072,2.44288,1.46882,2.76696,16540,9.713536969,28542,10.25913197,35852,2.878361837,12455.69599,9.429933307,16344,0.455874149,19023,0.530598014,7366,0.205455763,454,0.012663171,0.012583664,0.004434899,159,0.004425094,40,0.001115698,0.001115076,6500,832
Industry,2517.16,2517.16,2.105462855,0.744535327,2.117485714,1.854314286,1.647342857,2.169428571,36019,10.49180186,70300,11.16052708,27091,14.73823998,1838.143498,7.516511373,13479,0.49754531,13906,0.513307002,10791,0.398324167,7964,0.293972168,0.257716687,0.005167768,140,0.005154461,9,0.000332214,0.000332159,7005,818
Inglewood,380.34,540.58,0.33180765,-1.103199845,2.621755556,2.327988889,1.504314815,2.373792593,61465,11.02622319,117663,11.67557989,110193,8.958806561,12299.9642,9.417351631,52177,0.473505577,58508,0.530959317,30099,0.273148022,1476,0.01339468,0.013305764,0.006134691,676,0.00611595,352,0.003194395,0.003189304,27121,4051
Irwindale,205.62,274.16,1.864038294,0.62274526,0.5423,1.672,0.2789,0.4394,601,6.398594935,1092,6.995766156,4688,1.864038294,2514.969792,7.830016071,639,0.136305461,680,0.145051195,745,0.158916382,14,0.002986348,0.002981898,0.001706485,8,0.001705031,0,0,0,518,25
Jefferson Park,322.06,520.25,0.227747026,-1.479519801,2.889216667,2.156333333,1.644433333,3.057966667,53982.93893,10.89642333,101468.8244,11.52750688,25114,1.366482159,18378.57877,9.818941068,11468,0.456637732,12977,0.51672374,5008,0.199410687,788,0.031376921,0.030894726,0.012303894,309,0.012228816,56,0.002229832,0.00222735,8424,870
Koreatown,379.16,553.27,0.077918446,-2.552092563,2.603706897,1.345631034,1.771637931,3.341193103,42088,10.64751794,80848,11.30032613,94226,2.259634929,41699.65634,10.63824817,48074,0.510198884,47587,0.505030459,24941,0.264693397,36197,0.384150871,0.325086862,0.00713179,672,0.007106479,279,0.002960966,0.002956591,26061,2473
La Canada Flintridge,217.46,246.46,2.105442874,0.744525836,0.3571,1.755875,0.57885,0.655775,20656,9.935761113,41806,10.64079515,19686,8.421771497,2337.512958,7.756842805,9719,0.493701107,10057,0.51087067,12882,0.654373667,5575,0.28319618,0.249353981,0,0,0,0,0,0,285,965
La Crescenta-Montrose,106.06,161.61,0.90803922,-0.096467707,1.13365,1.91005,0.7891,1.1253,12013,9.393744676,19198,9.862561386,20188,3.632156881,5558.129966,8.623016994,9667,0.478848821,10858,0.537844264,13154,0.651575193,5669,0.280810382,0.247492989,0.001238359,25,0.001237593,15,0.000743016,0.00074274,654,874
La Habra Heights,128.32,164.99,3.309486034,1.196792901,0.59475,1.842,0.6736,1.37545,17301,9.758519582,35006,10.46327475,11118,6.618972068,1679.717014,7.426380614,4706,0.423277568,5163,0.464382083,6817,0.613149847,1530,0.137614679,0.128933683,0.001259219,14,0.001258427,58,0.005216766,0.005203206,973,460
La Mirada,163.31,370.98,0.780547317,-0.247759917,1.66915,1.65514,0.99057,2.25409,11014,9.30692247,20529,9.9295938,48974,7.805473166,6274.315337,8.744219648,24149,0.493098379,24981,0.510086985,27802,0.567688978,9716,0.198390983,0.18097981,0.003164945,155,0.003159947,76,0.001551844,0.001550641,7679,2664
La Puente,142.52,336.63,0.373009522,-0.986151332,3.0108125,2.160525,1.771575,2.56775,11179,9.321792297,21582,9.979614913,39745,2.984076179,13319.02995,9.496949115,20785,0.522958863,21721,0.546508995,16793,0.422518556,4826,0.121424079,0.114599377,0.006793307,270,0.006770336,87,0.002188955,0.002186563,18862,1118
La Verne,213.16,335.24,1.157087793,0.145906325,1.468428571,2.202114286,0.586385714,2.033342857,89816,11.40551841,169615,12.04128644,30656,8.09961455,3784.871467,8.238767207,16853,0.549745564,17359,0.566251305,25611,0.835431889,2578,0.084094468,0.080745047,0.006882829,211,0.00685925,118,0.003849165,0.003841776,2489,1712
Ladera Heights,240.42,268.7,1.326445313,0.282502667,1.13455,1.9066,0.826325,1.901,53982.93893,10.89642333,101468.8244,11.52750688,21854,5.305781251,4118.903318,8.323342222,10378,0.474878741,12030,0.55047131,8362,0.382630182,2214,0.101308685,0.096499186,0.001876087,41,0.001874329,0,0,0,820,1061
Lake Balboa,326.97,495.19,0.457761814,-0.781406287,1.900557143,1.965542857,1.091385714,2.064428571,20869,9.946020083,35413,10.47483426,28523,3.204332699,8901.385305,9.093962196,14404,0.504995968,13870,0.486274235,15468,0.542299197,3005,0.105353574,0.10016526,0.004382428,125,0.004372853,55,0.001928268,0.001926411,7436,1023
Lake Los Angeles,192.4,230.88,7.713654637,2.042992088,3.2264,2.5362,0.9593,1.8138,53982.93893,10.89642333,101468.8244,11.52750688,5684,7.713654637,736.8750959,6.602418401,2885,0.507565095,3052,0.536945813,4560,0.802251935,190,0.033427164,0.032880623,0.003870514,22,0.003863043,0,0,0,455,234
Lakewood,135.64,243.9,0.53953265,-0.617051977,1.513477778,1.828027778,0.853394444,1.616216667,104413,11.55610947,186982,12.13876763,83934,9.711587697,8642.665094,9.064466274,40990,0.488359902,43233,0.51508328,44461,0.529713823,15043,0.179224152,0.164856724,0.004932447,414,0.004920322,1375,0.016381919,0.016249183,12105,4833
Lawndale,240.97,374.84,0.329025764,-1.111619221,2.374233333,1.69755,1.521066667,2.77975,12783,9.455871442,21649,9.982714543,33007,1.974154584,16719.56202,9.724334691,17181,0.520525949,15980,0.484139728,15849,0.480170873,3394,0.102826673,0.097876586,0.004150635,137,0.004142045,419,0.012694277,0.01261438,7152,3026
Leimert Park,269.12,400.39,0.385468921,-0.953294709,2.0154,2.079133333,1.146466667,2.115566667,7790,8.960596139,14751,9.599066156,11457,1.156406764,9907.413513,9.201038596,5072,0.442698787,6717,0.586279131,1605,0.140089029,304,0.026533997,0.026188076,0.000698263,8,0.000698019,16,0.001396526,0.001395552,958,684
Lennox,314.97,452.49,0.242576072,-1.416439919,3.1762,2.00362,1.86918,2.9705,34970,10.46224583,62023,11.03526056,21456,1.212880359,17690.12075,9.780761613,11019,0.51356264,11009,0.51309657,8931,0.416247204,385,0.017943699,0.017784611,0.010859433,233,0.010800893,0,0,0,10724,549
Leona Valley,57.11,171.33,0.2437,-1.411817318,1.141,1.889,0.2428,0.2437,55940,10.93203497,96601,11.47834437,3935,23.89502845,164.678607,5.103995738,1916,0.486912325,1988,0.505209657,3380,0.858958069,46,0.011689962,0.011622162,0.01931385,76,0.019129705,0,0,0,99,89
Lincoln Heights,490.84,858.97,0.313428981,-1.16018248,3.296966667,2.423433333,1.8473,3.157983333,23476,10.0637339,56996,10.95073637,24852,1.880573883,13215.11493,9.489116524,12655,0.50921455,12308,0.495251891,8742,0.351762434,6578,0.264686947,0.234824619,0.006277161,156,0.006257542,27,0.001086432,0.001085842,8889,480
Lomita,202.61,250.86,0.424827902,-0.856071129,1.592066667,1.833566667,0.780866667,2.804733333,53982.93893,10.89642333,101468.8244,11.52750688,13215,1.274483705,10368.90464,9.246566668,6174,0.467196368,6684,0.505788876,7825,0.592130155,1984,0.150132425,0.139877088,0.001967461,26,0.001965528,35,0.002648505,0.002645004,1482,1183
Los Feliz,194.37,249.91,0.262977612,-1.335686376,1.34055,1.171866667,0.596616667,2.044266667,53926,10.89536802,112724,11.63269763,35311,3.15573134,11189.48231,9.322729537,18305,0.518393702,18135,0.513579338,26403,0.747727337,4574,0.129534706,0.121805783,0.000764634,27,0.000764342,42,0.001189431,0.001188724,2897,1607
Malibu,246.89,293.19,6.248619169,1.832360506,0.4054,1.9748,0.0963,2.6527,30922,10.33922318,59022,10.98566553,7235,6.248619169,1157.855809,7.054325133,3655,0.505183138,3540,0.489288182,6255,0.864547339,297,0.041050449,0.040230251,0,0,0,0,0,0,93,473
Manchester Square,199.16,304.59,0.379060851,-0.97005853,2.61685,2.62415,1.4003,2.2922,53982.93893,10.89642333,101468.8244,11.52750688,8776,0.758121701,11575.97783,9.356687353,3540,0.403372835,5026,0.572698268,1157,0.131836828,62,0.007064722,0.007039884,0.006153145,54,0.006134292,31,0.003532361,0.003526137,619,365
Manhattan Beach,197.23,222.23,0.492154036,-0.70896353,0.5400125,1.67725,0.1703875,1.0277875,28466,10.25646567,51288,10.84521209,35573,3.937232286,9035.026998,9.108864191,17362,0.488066792,18211,0.511933208,28664,0.805779664,3415,0.095999775,0.091666983,0.006915357,246,0.006891556,7,0.000196778,0.000196759,650,2246
Mar Vista,150.69,195.43,0.285700885,-1.252809872,1.59592,1.36199,0.8887,2.29728,11292,9.331849789,20733,9.939481913,37419,2.857008853,13097.26428,9.480158654,19084,0.510008285,18465,0.493465886,23600,0.630695636,4902,0.131002966,0.12310482,0.029316657,1097,0.028895142,59,0.001576739,0.001575497,4208,2248
Marina del Rey,138.14,159.39,0.857663431,-0.153543528,0.928,0.8222,0.4017,1.3922,53982.93893,10.89642333,101468.8244,11.52750688,9771,0.857663431,11392.58087,9.340717622,5234,0.535666769,4548,0.465459011,7704,0.788455634,796,0.081465561,0.078317122,0,0,0,0,0,0,410,245
Maywood,356.52,1087.38,0.176406088,-1.734966624,3.369757143,2.046442857,1.919528571,2.491485714,10042,9.214531577,17664,9.779283949,27542,1.234842615,22304.05694,10.01252387,13878,0.503884976,13794,0.500835088,22616,0.821145886,27,0.000980321,0.000979841,0.001416019,39,0.001415017,0,0,0,4646,241
Mid-City,286.09,771.79,0.254526381,-1.36835079,2.208535714,1.497314286,1.306857143,2.788421429,20284,9.917587677,39056,10.57275179,50738,3.563369336,14238.77101,9.563723876,25291,0.498462691,27117,0.534451496,22562,0.444676574,2997,0.059068154,0.057389421,0.010918838,554,0.010859658,45,0.000886909,0.000886516,10628,1929
Mission Hills,410.38,679.82,0.64750178,-0.434633736,2.2287,2.13132,1.3617,2.41716,14766,9.60008252,26190,10.17313294,19199,3.237508898,5930.176752,8.687809298,9427,0.491015157,9336,0.486275327,10646,0.554508047,1937,0.100890671,0.096119553,0.007812907,150,0.007782544,0,0,0,5120,566
Monrovia,631.35,958.63,2.158099417,0.769227935,1.5743625,1.7783875,0.8805125,2.027325,11292,9.331849789,23509,10.06513861,38393,17.26479533,2223.773828,7.706960954,20407,0.531529185,21158,0.551090042,27137,0.706821556,5829,0.151824551,0.141347251,0.003203709,123,0.003198588,73,0.001901388,0.001899583,3172,2307
Montebello,340.19,658.64,0.55321533,-0.592007968,2.539492857,2.379035714,1.653257143,2.454714286,96311,11.47533782,179365,12.09717811,61333,7.745014614,7919.029602,8.977023952,29923,0.487877652,31357,0.511258213,39829,0.649389399,6802,0.110902777,0.105172997,0.01098919,674,0.010929248,39,0.000635873,0.000635671,11649,1498
Monterey Park,178.28,269.83,0.550948225,-0.59611444,2.1485875,1.90454375,1.77966875,2.2747875,39669,10.58832531,74938,11.22441638,66803,8.815171595,7578.184869,8.933028987,32494,0.486415281,35402,0.52994626,12155,0.181952906,42329,0.633639208,0.490810169,0.006571561,439,0.006550062,286,0.004281245,0.004272107,10566,1711
North Hills,440.11,787.66,0.34972791,-1.050599827,2.659957143,2.070914286,1.477964286,2.688457143,33468,10.41834504,61544,11.02750765,59483,4.896190737,12148.83226,9.404988334,28483,0.478842695,28903,0.485903535,26324,0.44254661,7480,0.125750214,0.11844967,0.001328111,79,0.00132723,69,0.001159995,0.001159323,19926,1670
North Hollywood,330.87,484.74,0.256037627,-1.362430865,2.485404545,1.419209091,1.291813636,2.692186364,59336,10.99097148,107344,11.58379391,76039,5.632827792,13499.25878,9.510390058,40295,0.529925433,38487,0.506148161,47821,0.628900959,5950,0.078249319,0.075338725,0.003629716,276,0.003623144,156,0.002051579,0.002049477,17163,2522
North Whittier,83.73,143.54,3.425813934,1.231339088,0.932,1.3205,0.9818,0.7623,30199,10.31556409,63547,11.05953507,2904,3.425813934,847.6817644,6.742505288,1663,0.572658402,1605,0.55268595,2108,0.725895317,495,0.170454545,0.157392173,0.003099174,9,0.003094381,0,0,0,450,181
Northridge,316.63,507.19,0.621550668,-0.475537846,1.879007143,1.766635714,1.004985714,2.578035714,16746,9.725914703,31234,10.34926252,64725,8.701709345,7438.193743,8.914383322,31782,0.491031286,31602,0.48825029,34996,0.540687524,10349,0.15989185,0.148326768,0.002456547,159,0.002453535,194,0.002997296,0.002992813,9413,2744
Norwalk,243.44,446.01,0.554311162,-0.590029086,2.35305,1.8182,1.513427273,2.601690909,92843,11.43866517,159479,11.97966753,106815,12.19484557,8759.028509,9.077840277,53302,0.499012311,53840,0.504049057,58437,0.547086083,14344,0.134288255,0.126005366,0.006628283,708,0.006606413,354,0.003314141,0.003308661,25576,3120
Pacific Palisades,187.87,267.72,3.459146175,1.241021788,0.535857143,2.0169,0.164785714,1.182357143,2262,7.724004657,4382,8.38526052,24281,24.21402323,1002.766032,6.910517493,11813,0.486512088,13090,0.53910465,21872,0.900786623,1260,0.051892426,0.050590852,0.001194349,29,0.001193636,2,8.24E-05,8.24E-05,80,1314
Pacoima,574.18,1017.16,0.353729908,-1.039221629,3.072342105,2.289084211,1.848736842,2.501878947,57282,10.95574172,103389,11.54625385,78415,6.720868246,11667.39134,9.364553165,37689,0.480635083,37882,0.483096346,45963,0.586150609,2426,0.030937958,0.030469027,0.006809922,534,0.006786839,43,0.000548364,0.000548214,21963,1302
Palmdale,793.99,958.18,4.100560301,1.411123623,2.739893939,2.326954545,1.283869697,1.847654545,76723,11.24795681,138312,11.83726728,168729,135.3184899,1246.90277,7.128417972,83667,0.495866152,84422,0.500340783,72693,0.430826947,7218,0.042778657,0.041888936,0.007094216,1197,0.00706917,243,0.001440179,0.001439143,56285,8791
Palms,355.54,430.75,0.180245225,-1.713436994,1.326281818,0.514654545,0.759690909,2.561218182,14991,9.6152053,30030,10.30995216,42641,1.982697476,21506.55888,9.976113232,22773,0.53406346,21283,0.499120565,24944,0.5849769,10622,0.249102976,0.222425675,0.004643418,198,0.004632671,183,0.004291644,0.004282461,2301,2296
Palos Verdes Estates,295.81,310.6,1.59133561,0.46457367,0.424933333,1.920633333,0.4732,1.070066667,53982.93893,10.89642333,101468.8244,11.52750688,13523,4.774006829,2832.631055,7.94896126,6597,0.487835539,6985,0.516527398,9737,0.720032537,2780,0.205575686,0.186957201,0.001626858,22,0.001625536,9,0.000665533,0.000665312,141,704
Panorama City,619.27,1071.1,0.216276258,-1.531198716,3.173344444,2.343783333,1.742238889,2.78045,51023,10.84003179,93957,11.45059251,71639,3.892972642,18402.13292,9.820221856,35967,0.502058934,37523,0.523778947,35216,0.491575818,11557,0.161322743,0.149559651,0.004801854,344,0.004790362,60,0.000837533,0.000837182,23308,1121
Paramount,324.87,642.59,0.4482528,-0.80239792,2.89157,2.14244,1.6648,3.13961,53982.93893,10.89642333,101468.8244,11.52750688,48737,4.482528002,10872.65935,9.294006601,24385,0.500338552,24360,0.499825595,26731,0.548474465,1273,0.026119786,0.02578449,0.008248353,402,0.008214521,383,0.007858506,0.007827789,13864,1258
Pico Rivera,420.01,843.13,0.61735711,-0.482307638,2.341992308,2.062630769,1.599484615,2.525153846,57049,10.95166583,108700,11.59634707,64564,8.025642427,8044.71425,8.99277054,31784,0.492286723,33277,0.515411065,35353,0.547565207,1770,0.027414658,0.027045606,0.009262128,598,0.009219498,32,0.000495632,0.000495509,25224,1403
Pico-Union,905.79,1393.34,0.125707668,-2.073796163,3.384985714,2.134578571,1.9242,3.495214286,53982.93893,10.89642333,101468.8244,11.52750688,45071,1.759907357,25609.87078,10.15073313,22346,0.495795523,21723,0.481972887,11300,0.250715538,4997,0.110869517,0.105143057,0.009984247,450,0.009934734,28,0.000621242,0.000621049,25083,842
Playa del Rey,31.29,93.87,0.411908479,-0.886954093,0.526,1.07835,0.2423,1.2313,53982.93893,10.89642333,101468.8244,11.52750688,8398,0.823816957,10194.01207,9.229555775,4320,0.514408192,4052,0.482495832,5992,0.713503215,804,0.09573708,0.091427269,0.003453203,29,0.003447254,0,0,0,649,423
Playa Vista,182.7,237.51,0.678860753,-0.387339249,0.89815,1.1213,0.60215,1.47025,3595,8.18729927,8069,8.995784838,13249,1.357721506,9758.260395,9.185869425,5674,0.428258737,6024,0.454675825,6359,0.479960752,3162,0.238659521,0.214029763,0.00173598,23,0.001734475,23,0.00173598,0.001734475,399,613
Pomona,224.75,487,0.64094327,-0.444814328,2.919548387,2.002441935,1.574412903,2.600248387,96234,11.474538,183328,12.11903218,141071,19.86924136,7099.969117,8.867845713,75418,0.534610232,76935,0.545363682,89123,0.631759894,14109,0.100013468,0.095322423,0.016041568,2263,0.015914262,531,0.003764062,0.003756996,29953,6274
Porter Ranch,182.65,258.51,0.850217729,-0.162262811,0.924757143,1.736642857,0.801014286,0.796928571,130295,11.77755639,228339,12.33858665,27205,5.951524105,4571.098011,8.42750872,13988,0.514170189,13974,0.513655578,16645,0.61183606,8167,0.300202169,0.262519767,0.00124977,34,0.00124899,151,0.00555045,0.005535103,1026,1198
Quartz Hill,224.7,356.42,1.74887816,0.558974531,1.58565,2.24085,0.4942,2.08065,32,3.465735903,41,3.713572067,9443,3.497756319,2699.730667,7.900907294,4679,0.495499312,4726,0.500476543,7653,0.810441597,278,0.029439797,0.029014768,0.004130043,39,0.004121538,0,0,0,506,238
Rancho Dominguez,450.96,676.44,3.215061701,1.167846549,2.2862,1.8004,1.1243,2.5275,33000,10.40426284,61228,11.02235988,3356,3.215061701,1043.836888,6.950658519,1498,0.44636472,1729,0.515196663,1421,0.423420739,288,0.085816448,0.082332191,0,0,0,0,0,0,524,123
Rancho Palos Verdes,175.45,224.58,1.640848268,0.495213345,0.5884125,1.932,0.7243375,1.5905375,53982.93893,10.89642333,101468.8244,11.52750688,37910,13.12678615,2887.987934,7.968315322,17943,0.473305197,19849,0.523582168,22648,0.59741493,11264,0.297124769,0.260150099,0,0,0,218,0.005750462,0.005733991,661,2240
Rancho Park,182.93,274.39,0.310569638,-1.169347126,1.2041,1.5905,0.5561,2.1493,53982.93893,10.89642333,101468.8244,11.52750688,2500,0.310569638,8049.724423,8.993393137,1250,0.5,1321,0.5284,1684,0.6736,620,0.248,0.22154227,0,0,0,54,0.0216,0.021370026,56,121
Redondo Beach,174.68,208.16,0.476787499,-0.740684382,0.706338462,1.453492308,0.373915385,1.764676923,35296,10.47152492,62966,11.05035018,67700,6.198237492,10922.45983,9.298576483,34126,0.504076809,33538,0.495391433,49333,0.728700148,8513,0.125745938,0.118445872,0.003604136,244,0.003597657,52,0.000768095,0.0007678,3221,4271
Reseda Ranch,496.12,647.11,0.430309639,-0.843250239,2.491338462,2.064053846,1.386323077,2.730915385,48341,10.78603534,87759,11.3823497,70586,5.594025312,12618.10522,9.442887984,34408,0.487462103,35273,0.499716658,46769,0.662581815,8235,0.116666194,0.110347634,0.003966792,280,0.003958945,191,0.002705919,0.002702265,8505,2587
Rolling Hills,103.09,103.09,2.991623702,1.095816284,0.6206,2.0446,0.2948,0.426,53982.93893,10.89642333,101468.8244,11.52750688,1630,2.991623702,544.8546216,6.30051901,903,0.55398773,857,0.525766871,1319,0.809202454,298,0.182822086,0.167903181,0.001840491,3,0.001838799,0,0,0,22,106
Rolling Hills Estates,160.24,172.56,1.011503842,0.011438176,0.91005,2.0843,0.695425,1.36935,20215,9.914180182,39941,10.59515864,14974,4.046015369,3700.925141,8.216338105,7247,0.483972219,8134,0.543208228,9338,0.623614265,3351,0.223787899,0.201950884,0.005209029,78,0.005195509,0,0,0,959,1016
Rosemead,101.17,218.61,0.371521314,-0.990149044,2.750136364,1.901818182,1.875027273,2.5462,46526,10.74776658,87015,11.3738358,45653,4.086734458,11171.02187,9.321078371,22972,0.503187085,23012,0.50406326,8343,0.182748122,27972,0.612708913,0.47791532,0.006396075,292,0.006375707,110,0.00240948,0.002406582,8600,539
Rowland Heights,141.12,276.35,1.30040175,0.262673255,1.806090909,1.485254545,1.672781818,1.988563636,78899,11.27592383,137552,11.83175731,47785,14.30441925,3340.576025,8.113898534,23982,0.501872973,24042,0.503128597,11695,0.244742074,28802,0.602741446,0.471715567,0.004813226,230,0.004801679,82,0.00171602,0.001714549,5289,1433
San Dimas,107.2,179.63,2.16858392,0.774074383,1.347075,1.9498,0.754125,2.235875,9793,9.189423124,18588,9.83027149,40475,17.34867136,2333.031686,7.754923854,19083,0.47147622,21864,0.5401853,26938,0.665546634,5677,0.140259419,0.131255797,0.00699197,283,0.00696764,44,0.001087091,0.001086501,4301,2634
San Fernando,556.64,788.23,0.567050864,-0.567306272,2.84756,2.22148,1.76452,2.39048,59783,10.99847662,104695,11.55880664,29406,2.835254321,10371.55637,9.246822374,14770,0.502278447,14418,0.4903081,17647,0.600115623,297,0.01009998,0.010049316,0.00469292,138,0.004681943,214,0.007277426,0.007251073,9434,780
San Gabriel,139.18,341.85,0.490950744,-0.711411474,2.052355556,1.601711111,1.628633333,2.249922222,16785,9.728240909,34942,10.46144482,44103,4.418556693,9981.313597,9.208469984,20956,0.47516042,22721,0.515180373,9363,0.212298483,26654,0.60435798,0.472723664,0.001587194,70,0.001585936,164,0.003718568,0.003711671,6325,766
San Marino,135.57,173.23,1.882638179,0.63267408,0.65395,1.8416,1.0587,1.69605,53982.93893,10.89642333,101468.8244,11.52750688,13285,3.765276357,3528.293474,8.168569598,6665,0.501693639,6659,0.501242002,4983,0.375084682,7301,0.549567181,0.437975654,0,0,0,23,0.001731276,0.001729779,500,350
San Pasqual,0,49.14,0.499885101,-0.693377005,0.94415,1.4641,0.9338,2.6625,53982.93893,10.89642333,101468.8244,11.52750688,7868,0.999770202,7869.808466,8.970789004,3739,0.475216065,3755,0.477249619,3764,0.478393493,2029,0.25788002,0.22942778,0,0,0,18,0.002287748,0.002285135,805,318
Santa Clarita,230.01,350.23,1.567942857,0.449764478,1.391134146,1.904034146,0.670246341,1.876614634,91470,11.42376633,157377,11.96639948,193689,64.28565713,3012.942679,8.010672514,96481,0.49812328,98532,0.50871242,138604,0.715600783,20911,0.107961732,0.10252205,0.005766977,1117,0.005750412,147,0.000758949,0.000758661,14439,11816
Santa Fe Springs,190.59,397.52,1.681851689,0.519895382,1.9879,2.200766667,1.3239,2.693733333,53982.93893,10.89642333,101468.8244,11.52750688,16424,5.045555066,3255.142355,8.087991288,7742,0.471383341,8326,0.506941062,9652,0.587676571,1169,0.071176327,0.068757416,0.018509498,304,0.018340282,0,0,0,3782,558
Santa Monica,229.32,303.96,0.442894759,-0.814423101,1.226,1.520505263,0.519594737,2.288221053,71162,11.17271425,138066,11.83548711,92078,8.415000426,10942.1266,9.300375445,45176,0.490627511,47071,0.511207889,71939,0.78128326,9250,0.100458307,0.095726736,0.004800278,442,0.004788793,91,0.000988293,0.000987805,2265,4510
Shadow Hills,202.61,270.15,2.34963762,0.854261112,1.23862,1.36958,0.4886,1.4353,30082,10.31168227,66198,11.10040553,13207,11.7481881,1124.173352,7.024803246,6101,0.461951995,6434,0.487165897,10452,0.791398501,1192,0.090255168,0.086411768,0.001362914,18,0.001361986,28,0.002120088,0.002117844,367,369
Sherman Oaks,209.73,273.91,0.50926088,-0.674794859,1.126261111,1.411594444,0.426322222,1.797911111,61709,11.03018507,114945,11.65220903,73516,9.166695846,8019.901744,8.989681449,35199,0.478793732,36938,0.502448447,57185,0.777857881,5641,0.076731596,0.073930153,0.002856521,210,0.002852449,35,0.000476087,0.000475974,1806,3310
Sierra Madre,63.7,109.2,1.275215498,0.243115182,0.8094,1.6841,0.500033333,1.126366667,2289,7.73587032,4702,8.455743229,17630,3.825646493,4608.37143,8.435629805,7414,0.420533182,8079,0.458252978,10710,0.607487238,3310,0.187748157,0.172059209,0.001361316,24,0.00136039,43,0.002439024,0.002436054,600,646
Signal Hill,110.2,288.21,1.143526788,0.134117161,2.2924,1.4675,1.1765,3.1594,18718,9.837240907,35502,10.47734431,6653,1.143526788,5817.966024,8.668705999,3302,0.496317451,3551,0.533744176,3899,0.586051405,1343,0.201863821,0.183873536,0.003156471,21,0.0031515,65,0.009770029,0.009722611,291,358
South El Monte,326.89,881.4,0.414945106,-0.879609042,3.003283333,2.2809,1.8368,2.5952,53982.93893,10.89642333,101468.8244,11.52750688,22932,2.489670638,9210.85691,9.128138166,11523,0.50248561,11485,0.500828537,14907,0.650052329,2744,0.11965812,0.113023389,0.006235828,143,0.006216466,0,0,0,4818,385
South Gate,327.03,686.67,0.351360671,-1.04594203,3.268242857,2.233204762,1.861366667,2.213152381,68900,11.14041146,119620,11.69207533,97542,7.378574086,13219.62738,9.489457927,47960,0.491685633,49420,0.506653544,56824,0.582559308,521,0.005341289,0.005327075,0.004346845,424,0.004337425,115,0.001178979,0.001178285,36561,1906
South Park,479.44,1082.69,0.195271859,-1.633362543,3.4605,2.2070375,1.9395625,2.7425875,53982.93893,10.89642333,101468.8244,11.52750688,38810,1.562174869,24843.56955,10.12035423,18366,0.473228549,19031,0.490363308,10810,0.27853646,87,0.00224169,0.002239181,0.011259985,437,0.011197063,129,0.003323886,0.003318374,20788,575
South Pasadena,403.02,495.14,0.681321149,-0.3837215,0.94634,1.7465,0.80528,1.63384,514,6.242223265,1094,6.997595983,25824,3.406605746,7580.56609,8.933343158,12681,0.491054833,13255,0.513282218,14022,0.542983271,7699,0.298133519,0.260927478,0.000542131,14,0.000541984,34,0.001316605,0.001315739,1483,1962
South San Gabriel,237.34,440.78,0.748066576,-0.2902633,2.472666667,1.719,1.869166667,3.062933333,53982.93893,10.89642333,101468.8244,11.52750688,16377,2.244199728,7297.478828,8.895284201,7732,0.472125542,8371,0.511143677,3503,0.213897539,9028,0.551260915,0.439068094,0.001709715,28,0.001708255,9,0.000549551,0.0005494,3011,477
South Whittier,148.59,278.61,0.53328331,-0.628702458,2.230569231,1.985823077,1.395484615,2.438469231,38523,10.55901074,71716,11.18046915,63826,6.932683034,9206.536587,9.127669009,30765,0.482013599,32044,0.502052455,34121,0.534594053,2706,0.042396516,0.041522405,0.006799737,434,0.006776723,101,0.001582427,0.001581176,22206,2570
Southeast Antelope Valley,0,0,1.585475,0.460884047,2.149975,2.5202,0.879,1.585475,4314,8.369620827,7747,8.955060951,8086,173.4018496,46.6315672,3.84227772,3776,0.466979965,3786,0.468216671,4935,0.610314123,236,0.029186248,0.02876844,0.001236705,10,0.001235941,47,0.005812515,0.005795688,1758,334
Stevenson Ranch,114.47,162.17,1.434546923,0.360849066,1.4371,1.6133,0.488,0.424,53982.93893,10.89642333,101468.8244,11.52750688,5979,1.434546923,4167.866456,8.335159543,2960,0.495066065,3207,0.536377321,4382,0.732898478,1260,0.210737582,0.191229746,0.00167252,10,0.001671123,0,0,0,47,275
Studio City,280.75,365.42,0.669096705,-0.401826678,1.1767,1.1819,0.3277,1.987455556,14845,9.605418387,30088,10.3118817,43458,6.021870344,7216.694734,8.884152334,20454,0.470661328,22186,0.5105159,33972,0.781720282,2998,0.068986148,0.066710674,0.001610751,70,0.001609455,94,0.002163008,0.002160672,889,1860
Sun Valley,377.27,617.34,0.524414026,-0.645473781,2.77525,1.96698,1.52194,2.75949,70028,11.15665044,133443,11.8014297,71384,10.48828052,6806.072726,8.825570541,35938,0.50344615,37476,0.524991595,50401,0.706054578,4708,0.065953155,0.06386938,0.008895551,635,0.008856219,14,0.000196122,0.000196103,14243,1617
Sunland,543.9,784.01,0.742807223,-0.297318726,1.684166667,1.891066667,0.808066667,1.715533333,4400,8.38935982,8602,9.059750013,13715,2.22842167,6154.580251,8.72495184,6789,0.495005468,7119,0.519066715,10932,0.797083485,1283,0.093547211,0.089426734,0.00889537,122,0.008856039,267,0.019467736,0.019280664,464,552
Tarzana,304.44,566.78,0.92691484,-0.075893584,1.42872,2.12026,0.69493,1.77086,25364,10.14108612,51536,10.85003587,39260,9.269148397,4235.556312,8.351269959,18757,0.477763627,19853,0.505680082,29656,0.755374427,2593,0.066046867,0.06395729,0.00084055,33,0.000840197,0,0,0,2981,1623
Temple City,241.39,449.87,0.527100328,-0.640364373,1.864071429,1.901285714,1.568485714,2.304042857,39330,10.57974287,80836,11.30017769,34401,3.689702296,9323.516436,9.140295137,16315,0.474259469,18730,0.544460917,8453,0.245719601,19977,0.580709863,0.457874027,0.001685998,58,0.001684578,118,0.003430133,0.003424264,5193,828
Toluca Lake,160.85,229.78,0.420764693,-0.865681526,1.5657,1.218133333,0.5172,2.004666667,6836,8.829958044,16101,9.686636661,10674,1.26229408,8456.032686,9.042635393,5152,0.482668166,5097,0.477515458,8013,0.750702642,822,0.077009556,0.074188271,0.00637062,68,0.006350413,49,0.004590594,0.004580089,222,513
Torrance,217.06,262.61,0.660534446,-0.414706005,1.069254839,1.705680645,0.882290323,2.309258065,117157,11.67127019,224235,12.32044989,146392,20.47656783,7149.244991,8.874762034,72282,0.493756489,75025,0.512493852,74312,0.507623367,50567,0.345421881,0.29670763,0.004221542,618,0.004212656,777,0.005307667,0.005293631,7475,9752
Tujunga,334.41,445.88,1.538501687,0.430809012,1.8826,2.172957143,0.801642857,2.226671429,30679,10.33133366,56564,10.94312802,25287,10.76951181,2348.017296,7.761326547,12355,0.488590976,13081,0.51730138,18717,0.740182703,1796,0.071024637,0.068615795,0.002412307,61,0.002409402,3,0.000118638,0.000118631,3465,864
University Park,407.93,772.14,0.17689732,-1.732185828,3.165285714,0.922714286,1.179114286,3.719614286,37266,10.52583666,88195,11.38730555,25307,1.238281238,20437.19894,9.925111997,12315,0.486624254,13049,0.515628087,9749,0.385229383,7235,0.28588928,0.251450526,0.003595843,91,0.003589393,58,0.002291856,0.002289234,5552,1032
Valinda,158.32,402.21,0.411965557,-0.886815533,2.0294,1.871866667,1.436066667,1.819233333,17124,9.748236267,28729,10.26566234,13177,1.235896671,10661.89457,9.274431409,8159,0.619184943,7942,0.602716855,5822,0.441830462,3086,0.234195947,0.210419703,0.006071185,80,0.00605283,0,0,0,6409,481
Valley Glen,336.49,453.09,0.319186559,-1.141979523,2.451013333,1.930873333,1.170373333,2.811566667,42110,10.64804052,83973,11.3382506,61731,4.787798391,12893.40005,9.464470835,30552,0.494921514,31021,0.502518994,40874,0.662130858,3504,0.056762405,0.055209899,0.005118984,316,0.005105927,66,0.001069155,0.001068584,11566,2016
Valley Village,691.75,877.83,0.354080862,-1.038229968,2.1867,1.6435,0.77242,2.43886,57750,10.96387863,109807,11.60647956,21039,1.770404311,11883.72615,9.382925193,10746,0.510765721,11166,0.530728647,16833,0.800085555,1174,0.055801131,0.054299845,0.007034555,148,0.007009928,68,0.003232093,0.003226881,1011,1333
Van Nuys,506.47,812.28,0.333599895,-1.097812923,2.947507692,1.933715385,1.524530769,2.892611538,29062,10.27718676,49707,10.81390105,107785,8.673597261,12426.79326,9.427610167,53945,0.500487081,53082,0.492480401,46802,0.434216264,7859,0.072913671,0.070378005,0.004397643,474,0.004388002,84,0.000779329,0.000779025,44946,2069
Venice,165.26,200.68,0.284277215,-1.257805408,1.031109091,1.252145455,0.4074,2.006681818,30198,10.31553098,56777,10.94688659,36149,3.127049364,11560.09893,9.3553147,18340,0.507344602,17565,0.485905558,29243,0.808957371,1608,0.044482558,0.043521603,0.004287809,155,0.004278643,76,0.002102409,0.002100202,1334,1468
Vermont Knolls,453.49,988.37,0.233094025,-1.456313366,3.06535,2.1741,1.75785,2.8521,53982.93893,10.89642333,101468.8244,11.52750688,25767,1.398564147,18423.89572,9.821403781,11562,0.448713471,13031,0.505724376,4474,0.173632941,252,0.009779951,0.009732437,0.00058214,15,0.000581971,7,0.000271665,0.000271628,8853,575
Vermont Square,822.78,1123.16,0.25038586,-1.384752111,3.330811111,2.343922222,1.867577778,3.040888889,22794,10.03425262,43277,10.6753766,46335,2.25347274,20561.59774,9.931180428,21611,0.466407683,22305,0.481385562,9898,0.213618215,522,0.011265782,0.011202796,0.003820006,177,0.003812728,78,0.001683393,0.001681978,19781,820
Vermont Vista,441.9,876.51,0.275362991,-1.289665084,3.2576,2.5289,1.779133333,2.906833333,31477,10.3570124,60338,11.00771737,26920,1.652177948,16293.64442,9.698530398,11475,0.426263001,12673,0.47076523,6787,0.252117385,54,0.002005944,0.002003935,0.00230312,62,0.002300472,0,0,0,9012,609
Vernon,478.47,1435.41,4.825426348,1.573899093,1.1065,2.3004,1.3057,0.8206,53982.93893,10.89642333,101468.8244,11.52750688,52,4.825426348,10.77624986,2.377344626,44,0.846153846,44,0.846153846,14,0.269230769,15,0.288461538,0.2534489,0,0,0,0,0,0,32,13
Walnut,98.26,160.49,1.132595137,0.124511581,1.171214286,1.512485714,1.478914286,1.103142857,53982.93893,10.89642333,101468.8244,11.52750688,24645,7.928165958,3108.53735,8.041907589,12246,0.496895922,12218,0.495759789,4968,0.201582471,16156,0.655548793,0.504132551,0.002191114,54,0.002188717,0,0,0,1650,914
Walnut Park,371.68,854.86,0.186938136,-1.67697754,3.11615,1.9636,1.929475,2.016625,53982.93893,10.89642333,101468.8244,11.52750688,16034,0.747752546,21442.92264,9.973149923,8060,0.502681801,7731,0.482162904,10261,0.639952601,229,0.01428215,0.014181121,0.004552825,73,0.004542492,30,0.001871024,0.001869276,4908,273
Watts,356.19,763.93,0.253152844,-1.373761846,3.7409125,2.336425,1.83835,3.060425,53982.93893,10.89642333,101468.8244,11.52750688,42586,2.025222751,21027.81039,9.953601145,20209,0.474545625,22042,0.51758794,16950,0.398018128,291,0.006833232,0.006809991,0.006011365,256,0.005993369,119,0.002794346,0.002790449,13810,704
West Adams,550.13,868.62,0.269828798,-1.309967603,2.850116667,1.9846,1.70065,2.714233333,28482,10.25702759,50983,10.83924752,22746,1.61897279,14049.64935,9.550352717,11368,0.499780181,11761,0.517057944,9762,0.42917436,437,0.019212169,0.019029946,0.004220522,96,0.004211641,0,0,0,6027,423
West Carson,357.69,470.89,0.566463661,-0.568342347,1.89775,2.02695,1.37135,2.8388,53982.93893,10.89642333,101468.8244,11.52750688,22537,2.265854645,9946.357349,9.204961668,10892,0.483294139,11037,0.489728003,7489,0.332297999,7116,0.315747438,0.274404898,0.003017261,68,0.003012718,93,0.004126547,0.004118056,3381,1076
West Covina,167.23,342.77,0.450947159,-0.79640511,2.116008696,1.931356522,1.4633,2.245330435,49199,10.80362858,92319,11.43300525,89147,10.37178467,8595.145662,9.058952865,50335,0.564629208,51689,0.579817605,36666,0.411298193,30110,0.337756739,0.290994136,0.007347415,655,0.007320554,77,0.000863742,0.000863369,26640,3994
West Hills,194.85,362.56,0.846946432,-0.166117831,1.176245455,1.854727273,0.627563636,1.476527273,25600,10.15034763,49541,10.81055589,48144,9.316410757,5167.655362,8.550174356,22583,0.469071951,24939,0.518008475,33552,0.696909272,6812,0.14149219,0.132336345,0.00691675,333,0.006892939,15,0.000311565,0.000311516,2382,3004
West Hollywood,400.53,503.37,0.269655457,-1.31061022,1.125342857,1.280085714,0.515671429,2.312114286,73439,11.20421041,139334,11.84462921,36384,1.887588199,19275.39069,9.866584467,20675,0.568244283,14986,0.411884345,28208,0.77528584,1872,0.051451187,0.050171293,0.002336192,85,0.002333467,32,0.000879507,0.00087912,1915,1967
West Los Angeles,170.05,220.53,0.406273513,-0.900728669,0.8787,1.51735,0.51965,2.499975,138,4.927253685,274,5.613128106,19736,1.625094052,12144.52787,9.404633966,8951,0.453536684,10328,0.523307661,14185,0.718737333,3369,0.170703283,0.157604665,5.07E-05,1,5.07E-05,25,0.001266721,0.001265919,295,822
West Puente Valley,274.53,467.72,0.372303255,-0.988046555,2.821,2.2946,1.72656,2.08166,31368,10.35354354,67371,11.11796994,23400,1.861516275,12570.39775,9.439099944,11462,0.48982906,12212,0.521880342,10382,0.443675214,2019,0.086282051,0.082760903,0.007350427,172,0.007323544,60,0.002564103,0.002560821,9824,756
Westchester,155.03,184.1,1.061446329,0.059632439,1.17615,1.303166667,0.560533333,1.453691667,61180,11.02157562,133718,11.80348838,44241,12.73735594,3473.326819,8.152868151,21194,0.479057887,23352,0.52783617,26885,0.60769422,6014,0.135937253,0.127458084,0.002961054,131,0.002956679,58,0.001311001,0.001310142,2508,3086
Westlake,684.02,1297.28,0.092749126,-2.377857001,3.13989,1.945383333,1.81428,3.43486,52051,10.85997929,99067,11.50355167,115154,2.782473791,41385.47517,10.63068526,58523,0.508215086,53246,0.462389496,32898,0.285686993,23250,0.201903538,0.183906582,0.013104191,1509,0.013019074,273,0.002370738,0.002367932,46717,2235
Westlake Village,71.77,71.77,0.758164559,-0.276854821,0.7339,2.0416,0.30235,1.34005,12781,9.455714972,25790,10.1577421,4258,1.516329118,2808.097496,7.940262485,2093,0.491545326,2237,0.525364021,3766,0.884452795,363,0.085251292,0.081811566,0.00234852,10,0.002345767,0,0,0,54,108
Westwood,107.19,131.22,0.286170278,-1.251168268,1.3821,1.024830769,0.536276923,2.325146154,7024,8.857088135,24020,10.0866421,54541,3.720213619,14660.71726,9.592926901,25472,0.467024807,28427,0.521204232,33103,0.6069379,15017,0.275334152,0.243208224,0.001265103,69,0.001264303,39,0.000715058,0.000714802,1801,2750
Whittier,373.58,747.42,0.850922433,-0.161434303,1.817444444,1.911711111,1.117627778,2.125366667,34619,10.45215794,72325,11.18892513,78008,15.31660379,5093.035053,8.535629209,38896,0.498615527,40465,0.518728848,44314,0.568069942,4074,0.052225413,0.050907362,0.003576556,279,0.003570175,33,0.000423034,0.000422945,26942,2346
Whittier Narrows,0,0,2.268694039,0.819204353,2.4705,2.0294,1.6788,2.812,53982.93893,10.89642333,101468.8244,11.52750688,3479,2.268694039,1533.481351,7.335295822,1716,0.493245185,1594,0.458177637,1985,0.570566255,638,0.18338603,0.168379846,0.000862317,3,0.000861945,0,0,0,559,73
Willowbrook,260.65,684.56,0.484492308,-0.724653724,3.325166667,2.263983333,1.777116667,3.067416667,117557,11.6746786,211265,12.26086855,31480,2.906953851,10829.20528,9.290001956,15388,0.488818297,15606,0.495743329,11704,0.371791614,111,0.003526048,0.003519846,0.006099111,192,0.006080587,84,0.002668361,0.002664807,9276,460
Wilmington,235.45,511.62,0.564218261,-0.572314115,2.85145625,2.0991625,1.66139375,2.52045625,20046,9.905784912,40264,10.60321305,56161,9.027492174,6221.107581,8.735703238,28337,0.504567226,28228,0.502626378,33711,0.600256406,1096,0.019515322,0.01932734,0.056605117,3179,0.055061049,291,0.005181532,0.005168154,15354,2009
Winnetka,411.31,596.69,0.495390663,-0.70240861,2.296663636,1.865009091,1.363763636,2.953927273,8610,9.060679597,15598,9.65489798,58803,5.449297295,10790.93263,9.286461489,29656,0.50432801,29171,0.496080132,25429,0.432443923,9375,0.159430641,0.147929058,0.003877353,228,0.003869855,83,0.001411493,0.001410498,18686,2924
Woodland Hills,193.96,248.33,0.93654862,-0.065553842,1.077935714,1.81955,0.509771429,1.683092857,33102,10.40734898,57001,10.95082409,59012,13.11168068,4500.719737,8.411992605,28243,0.478597573,29178,0.494441808,43366,0.734867485,5735,0.097183624,0.092746555,0.002660476,157,0.002656943,13,0.000220294,0.00022027,2329,3192
Cypress Park,292.5764322,482.3105025,0.200379216,-1.607543628,3.2765,2.0502,1.785333333,3.0862,53982.93893,10.89642333,101468.8244,11.52750688,9692,0.601137647,16122.76331,9.687987423,4746,0.489682212,4859,0.501341312,5498,0.567271977,738,0.076145274,0.073385466,0.014651259,142,0.014544966,3,0.000309534,0.000309486,3094,25
Larchmont,292.5764322,482.3105025,0.194750814,-1.636034415,1.48195,0.7017,1.28725,2.93725,53982.93893,10.89642333,101468.8244,11.52750688,7858,0.389501628,20174.49847,9.912174634,3827,0.487019598,4251,0.540977348,3763,0.478875032,2199,0.279842199,0.246736788,0,0,0,54,0.006871978,0.006848474,1328,345
Unincorporated Catalina Island,292.5764322,482.3105025,3.2735,1.185859749,0.4888,0.5747,0.1558,3.2735,53982.93893,10.89642333,101468.8244,11.52750688,407,130.2546927,3.124647501,1.139321477,292,0.717444717,187,0.459459459,401,0.985257985,8,0.01965602,0.019465335,0.01965602,8,0.019465335,16,0.039312039,0.038558993,38,8
Mayflower Village,292.5764322,482.3105025,0.569550386,-0.562908026,1.328666667,1.812933333,1.097233333,1.790433333,28022,10.24074519,48743,10.79431688,12783,1.708651157,7481.339855,8.92016718,6332,0.495345381,6512,0.509426582,6464,0.505671595,3261,0.255104436,0.227218785,0.009622154,123,0.009576156,99,0.007744661,0.007714825,1991,361
West Whittier-Los Nietos,292.5764322,482.3105025,0.532587554,-0.630007974,2.203216667,2.127233333,1.51215,2.561383333,42445,10.6559644,99577,11.50868649,29327,3.195525326,9177.520754,9.124512377,14627,0.498755413,14509,0.494731817,13957,0.475909571,418,0.014253077,0.014152457,0.022538957,661,0.022288708,65,0.002216388,0.002213935,12991,758
Mount Washington,292.5764322,482.3105025,0.510643061,-0.672084444,1.6882,1.764275,1.17975,1.7352,12600,9.441452093,27282,10.21398242,15688,2.042572244,7680.511691,8.94644145,7391,0.471124426,7611,0.485147884,8822,0.562340643,2027,0.129207037,0.121515649,0.006884243,108,0.006860655,0,0,0,3042,577
Sylmar,292.5764322,482.3105025,0.706911749,-0.346849445,2.293805556,2.349722222,1.502477778,2.324494444,53982.93893,10.89642333,101468.8244,11.52750688,82919,12.72441149,6516.529277,8.782097194,39797,0.479950313,41912,0.505457133,59409,0.71647029,4306,0.051930197,0.050626759,0.008466093,702,0.008430457,52,0.000627118,0.000626921,12740,2257
Lake View Terrace,292.5764322,482.3105025,1.419339009,0.350191277,2.174633333,2.183666667,1.360066667,3.3206,37460,10.53102898,64589,11.0757994,13935,4.258017026,3272.650136,8.093355375,7073,0.507570865,6398,0.459131683,9303,0.667599569,988,0.07090061,0.068499986,0.003013994,42,0.003009461,7,0.000502332,0.000502206,1594,400
Bel-Air,292.5764322,482.3105025,3.308314601,1.196438876,0.4427,1.9777,0.3543,2.0563,53982.93893,10.89642333,101468.8244,11.52750688,4779,3.308314601,1444.542184,7.275547723,2506,0.524377485,2350,0.491734673,3952,0.826951245,457,0.0956267,0.091326528,0,0,0,0,0,0,24,265
Castaic Canyons,292.5764322,482.3105025,10.40886246,2.342657603,1.5276,1.6786,0.715883333,1.301116667,21470,9.974411891,42253,10.65143064,37267,124.9063495,298.3595321,5.698299243,22943,0.615638501,16338,0.43840395,25884,0.694555505,4205,0.112834411,0.106910284,0.009847855,367,0.009799681,142,0.003810342,0.003803101,3514,3112
Unincorporated Santa Susana Mountains,292.5764322,482.3105025,1.318075,0.276172339,1.37635,1.70705,0.842,1.318075,80415,11.294956,150265,11.92015568,19563,77.06422484,253.8531989,5.536756143,9499,0.485559475,9820,0.501968001,12851,0.656903338,3600,0.184020856,0.168916151,0.003322599,65,0.003317091,7,0.000357818,0.000357754,837,1341
Castaic,292.5764322,482.3105025,1.988819381,0.687541187,1.046766667,1.503466667,0.506966667,0.5619,53982.93893,10.89642333,101468.8244,11.52750688,13436,5.966458144,2251.922275,7.719539475,6543,0.48697529,6947,0.517043763,10069,0.749404585,1513,0.112607919,0.106706736,0.000818696,11,0.000818361,56,0.004167907,0.004159245,581,809
South San Jose Hills,292.5764322,482.3105025,0.350607412,-1.048088166,2.9332,2.17024,1.78766,2.3083,53982.93893,10.89642333,101468.8244,11.52750688,23798,1.753037058,13575.29773,9.516007077,11394,0.478779729,11423,0.479998319,9684,0.406924952,2556,0.107403984,0.102018523,0.007101437,169,0.007076341,65,0.002731322,0.002727599,9309,487
Downtown,292.5764322,482.3105025,0.403700707,-0.9070815,2.249884615,1.227707692,1.2635,3.307230769,52230,10.86341232,105775,11.56906948,48287,5.248109197,9200.837518,9.127049793,25047,0.51871104,18521,0.383560793,16575,0.343260091,11952,0.247520036,0.221157609,0.004721768,228,0.004710655,86,0.001781018,0.001779434,4745,2450
Citrus,292.5764322,482.3105025,0.343216106,-1.069394984,2.489866667,1.517533333,1.509366667,3.162733333,2597,7.862112212,5231,8.562357743,15502,1.029648319,15055.626,9.619507021,7681,0.495484454,8195,0.528641466,6877,0.443620178,1217,0.078505999,0.075576749,0.0173526,269,0.017203763,24,0.001548187,0.00154699,6601,439
Ramona,292.5764322,482.3105025,1.020241717,0.020039577,1.16445,1.49305,1.12165,2.98215,18297,9.814492391,36743,10.51170301,7118,2.040483433,3488.389018,8.157195309,4146,0.582466985,4756,0.668165215,4888,0.68670975,1972,0.277044114,0.244548121,0.006602978,47,0.006581274,0,0,0,1305,529
Arlington Heights,292.5764322,482.3105025,0.166884288,-1.790454593,2.7175,2.028166667,1.844933333,3.57065,12669,9.446913344,24646,10.11236989,21688,1.00130573,21659.71826,9.983209513,11326,0.522224271,12152,0.560309849,6464,0.298045002,5205,0.239994467,0.215106918,0.006916267,150,0.006892459,0,0,0,8077,325
Northeast Antelope Valley,292.5764322,482.3105025,1.781716667,0.577577319,2.534033333,1.934433333,0.90445,1.781716667,44041,10.6928763,80618,11.29747723,20976,402.1157183,52.16408871,3.954394302,9502,0.452993898,9904,0.472158658,10604,0.50553013,592,0.028222731,0.027831808,0.006531274,137,0.006510038,58,0.002765065,0.002761249,4866,1026
Montecito Heights,292.5764322,482.3105025,0.430073667,-0.843798766,2.709914286,2.006985714,1.602914286,2.5653,33196,10.41018467,59858,10.99973037,24959,3.010515671,8290.606237,9.022878374,11677,0.46784727,12330,0.494010177,9906,0.396890901,4250,0.170279258,0.157242402,0.007812813,195,0.007782451,29,0.001161906,0.001161232,7762,937
Unincorporated Santa Monica Mountains,292.5764322,482.3105025,1.749671429,0.559428015,0.819514286,1.617785714,0.197571429,1.749671429,19887,9.897821531,39935,10.59500841,27871,104.0128861,267.9571834,5.590827204,13584,0.487388325,14395,0.516486671,23160,0.83097126,2432,0.087259158,0.083659996,0.003695598,103,0.003688786,32,0.001148147,0.001147488,404,929
Sepulveda Basin,292.5764322,482.3105025,3.088368508,1.127642961,0.86,1.5794,0.2581,1.2742,53982.93893,10.89642333,101468.8244,11.52750688,264,3.088368508,85.48202694,4.448306143,134,0.507575758,103,0.390151515,166,0.628787879,18,0.068181818,0.065957968,0.037878788,10,0.037179003,0,0,0,13,18
Griffith Park,292.5764322,482.3105025,8.074252283,2.088680268,0,0,0.9971,0,53982.93893,10.89642333,101468.8244,11.52750688,5,8.074252283,0.619252387,-0.479242356,0,0,5,1,1,0.2,3,0.6,0.470003629,0,0,0,0,0,0,1,0
Vincent,292.5764322,482.3105025,0.316170723,-1.151472949,1.8688,1.786275,1.286575,2.08595,30270,10.3179124,51711,10.8534258,14678,1.264682893,11606.07144,9.35928364,7824,0.533042649,7933,0.540468729,6327,0.431053277,1438,0.097969751,0.093462794,0.003133942,46,0.003129041,8,0.000545033,0.000544885,7041,734
Athens,292.5764322,482.3105025,0.499811163,-0.693524926,2.82775,1.96345,1.5841,2.68795,53982.93893,10.89642333,101468.8244,11.52750688,7615,0.999622325,7617.877082,8.938253012,3432,0.450689429,3852,0.505843729,1099,0.14432042,82,0.010768221,0.010710657,0.00013132,1,0.000131311,0,0,0,2309,256
Northwest Antelope Valley,292.5764322,482.3105025,2.3379,0.849253091,1.988,1.8346,0.2534,2.3379,33110,10.40759063,57682,10.96270045,3985,81.85854873,48.68153738,3.885299849,2088,0.523964868,1918,0.481304893,3278,0.822584693,63,0.015809285,0.01568562,0.017816813,71,0.017659954,9,0.002258469,0.002255922,138,106
East San Gabriel,292.5764322,482.3105025,0.497638219,-0.697881934,1.60952,1.72772,1.4805,2.04,3870,8.261009786,7747,8.955060951,24453,2.488191096,9827.621375,9.192952208,11341,0.463787674,12644,0.51707357,6421,0.262585368,13697,0.560135771,0.44477285,0.001676686,41,0.001675282,30,0.001226843,0.001226091,2816,668
Gramercy Park,292.5764322,482.3105025,0.572418416,-0.557885059,2.57735,2.6965,1.38935,2.82095,53982.93893,10.89642333,101468.8244,11.52750688,10687,1.144836832,9334.95473,9.141521206,4259,0.398521568,6467,0.605127725,1385,0.129596706,75,0.007017872,0.006993361,0,0,0,12,0.00112286,0.00112223,676,315
Baldwin Hills/Crenshaw,292.5764322,482.3105025,0.276873358,-1.284195069,2.616214286,2.187828571,1.313942857,2.327028571,1402,7.245655068,2333,7.754910272,26877,1.938113508,13867.60883,9.5373111,11935,0.444059977,14243,0.529932656,5958,0.221676526,1287,0.047884809,0.046773665,0.004167132,112,0.004158474,48,0.001785914,0.001784321,2328,1009
Lancaster,292.5764322,482.3105025,1.945852756,0.665700316,2.653171429,2.231467857,0.935121429,2.319996429,1077,6.981934677,2020,7.61085279,148901,54.48387717,2732.93693,7.913132108,75174,0.504858933,75041,0.503965722,96106,0.645435558,5444,0.036561205,0.035908701,0.004284726,638,0.004275573,404,0.002713212,0.002709538,8995,6732
Beverly Grove,292.5764322,482.3105025,0.208087018,-1.569798931,0.9718625,1.22765,0.3600125,2.421025,17411,9.764857469,45419,10.7236858,22370,1.664696147,13437.88777,9.505833442,10273,0.459231113,11985,0.535762181,17306,0.773625391,2158,0.096468485,0.092094547,0.002369245,53,0.002366443,12,0.000536433,0.000536289,890,1261
Northwest Palmdale,292.5764322,482.3105025,7.858432462,2.061587154,1.865,2.1149,0.6323,1.7052,53982.93893,10.89642333,101468.8244,11.52750688,5925,7.858432462,753.9671593,6.625348812,2607,0.44,2630,0.443881857,3739,0.631054852,508,0.085738397,0.082260306,0.006582278,39,0.006560709,0,0,0,413,207
Universal City,292.5764322,482.3105025,0.505893234,-0.681429632,0,0,0,0,53982.93893,10.89642333,101468.8244,11.52750688,0,0.505893234,0,,0,,0,,0,,0,,,,0,,0,,,0,0
Sawtelle,292.5764322,482.3105025,0.244979402,-1.406581145,1.37224,0.85867,0.76332,2.47051,13350,9.499271664,26432,10.18233068,39283,2.449794024,16035.22566,9.682543185,20062,0.510704376,19492,0.496194283,23952,0.609729399,8123,0.206781559,0.187956947,0.021434208,842,0.021207726,11,0.000280019,0.00027998,2826,2481
Angeles Crest,292.5764322,482.3105025,1.6988,0.529922119,1.2961,1.54785,0.78865,1.6988,674,6.513230111,1277,7.152268856,887,457.2441058,1.939882852,0.662627586,617,0.695603157,282,0.317925592,652,0.735062007,9,0.010146561,0.01009543,0.004509583,4,0.004499445,0,0,0,81,70
Historic South-Central,292.5764322,482.3105025,0.235874989,-1.444453322,3.530491667,2.289841667,1.9326,2.916916667,55698,10.92769952,110231,11.61033344,47463,2.830499862,16768.41629,9.727252413,23664,0.49857784,23150,0.487748351,18530,0.390409372,489,0.010302762,0.01025005,0.006889577,327,0.006865952,12,0.000252829,0.000252797,23872,667
Central-Alameda,292.5764322,482.3105025,0.210189257,-1.55974693,3.57486,2.34105,1.95255,2.79672,12448,9.429315246,23861,10.08000061,45709,2.101892569,21746.59194,9.987212332,21210,0.464022403,21458,0.46944803,15841,0.346561946,221,0.004834934,0.004823283,0.012798355,585,0.012717148,9,0.000196898,0.000196879,21428,365
Ridge Route,292.5764322,482.3105025,2.030966667,0.70851187,1.917466667,2.2088,0.5568,2.030966667,555,6.318968114,1095,6.998509642,10193,526.094474,19.37484711,2.963975684,5316,0.521534386,4751,0.466104189,7858,0.77092122,588,0.057686648,0.056084116,0.002452664,25,0.002449661,8,0.000784852,0.000784544,669,573
West Compton,292.5764322,482.3105025,0.744003303,-0.295709805,2.9094,2.8832,1.5704,3.02775,639,6.459904454,1427,7.263329617,4366,1.488006606,2934.126759,7.984165161,1806,0.413650939,2104,0.481905634,965,0.221026111,189,0.043289052,0.042378273,0.00526798,23,0.005254153,0,0,0,688,37
San Pedro,292.5764322,482.3105025,0.772763623,-0.257782069,2.028420833,2.1242375,0.990091667,2.208104167,32538,10.39016392,62196,11.03804597,91182,18.54632694,4916.445196,8.500341027,44417,0.487124652,45693,0.501118642,56159,0.615900068,6237,0.068401658,0.066163754,0.00382751,349,0.003820204,480,0.005264197,0.00525039,13983,7103
Hansen Dam,292.5764322,482.3105025,2.463511842,0.90158791,0,1.9428,0.5439,0,53982.93893,10.89642333,101468.8244,11.52750688,12,2.463511842,4.871094912,1.58331874,0,0,0,0,0,0,0,0,0,0,0,0,0,0,0,0,0
Long Beach,292.5764322,482.3105025,0.413700704,-0.882612504,2.123838053,1.853464602,1.033947788,2.390020354,291603,12.58314857,548552,13.21503736,475892,46.74817958,10179.90442,9.228170901,235312,0.494465131,241311,0.507070932,253638,0.532973868,62807,0.131977423,0.123966035,0.011805199,5618,0.011736061,4405,0.009256302,0.009213725,62150,26187
Windsor Square,292.5764322,482.3105025,0.301266703,-1.19975935,1.37205,1.5829,1.4004,2.5027,8089,8.998260393,17590,9.775085838,6793,0.602533407,11274.06368,9.330260117,3464,0.5099367,4053,0.596643604,2650,0.390107464,3652,0.537612248,0.430230725,0,0,0,0,0,0,490,439
Topanga,292.5764322,482.3105025,15.28824074,2.727083954,0.7151,1.9639,0.0484,1.60025,11692,9.366660126,19793,9.893083619,9727,30.57648148,318.1203176,5.762429668,4711,0.48432199,5111,0.525444639,8739,0.898427059,477,0.049038758,0.047874276,0.003084199,30,0.003079453,0,0,0,86,381
Tujunga Canyons,292.5764322,482.3105025,1.5535,0.44051045,2.071,0.77615,0.35455,1.5535,78,4.356708827,301,5.707110265,592,242.4229515,2.442013004,0.892822701,310,0.523648649,296,0.5,558,0.942567568,0,0,0,0.006756757,4,0.006734032,0,0,0,13,5
Mid-Wilshire,292.5764322,482.3105025,0.244665326,-1.407864019,1.297927273,1.024063636,0.972018182,2.284045455,18434,9.821952065,36445,10.50355955,43006,2.691318586,15979.52774,9.679063666,20895,0.485862438,22247,0.517299912,20370,0.473654839,9686,0.225224387,0.203124,0.004487746,193,0.004477706,107,0.002488025,0.002484935,4504,2031
Vermont-Slauson,292.5764322,482.3105025,0.213609677,-1.543604869,3.2985625,2.4455,1.8605,2.8450375,55303,10.92058244,105261,11.56419826,34975,1.708877414,20466.65238,9.926552127,15388,0.439971408,17268,0.493724089,8406,0.240343102,211,0.006032881,0.006014756,0.006518942,228,0.006497786,0,0,0,15109,634
East Compton,292.5764322,482.3105025,0.220591656,-1.511441997,3.6746,2.1398,1.8569,2.791,53982.93893,10.89642333,101468.8244,11.52750688,3977,0.220591656,18028.78709,9.799725042,1961,0.49308524,2072,0.520995725,1879,0.472466683,3,0.000754337,0.000754053,0.001508675,6,0.001507538,0,0,0,1412,115
Silver Lake,292.5764322,482.3105025,0.28118882,-1.268728878,1.516911111,1.033222222,0.852533333,2.421288889,19590,9.882774511,35995,10.49113532,29950,2.530699382,11834.67314,9.378788903,15222,0.508247078,14395,0.480634391,19740,0.659098497,4510,0.150584307,0.140269906,0.000601002,18,0.000600821,25,0.000834725,0.000834377,3096,1109
Florence,292.5764322,482.3105025,0.214690948,-1.538555736,3.544469231,2.271607692,1.907923077,2.636576923,25080,10.12982599,48701,10.79345484,53591,2.790982322,19201.48314,9.862742802,25635,0.478345245,26839,0.500811703,13739,0.256367674,100,0.001865985,0.001864246,0.007986416,428,0.007954693,13,0.000242578,0.000242549,27256,685
Broadway-Manchester,292.5764322,482.3105025,0.253687315,-1.371652814,3.43158,2.40912,1.82896,2.86726,26809,10.19649293,51826,10.85564723,24827,1.268436576,19572.91399,9.88190195,10980,0.442260442,12399,0.499415958,6608,0.26616184,111,0.004470939,0.004460974,0.009425223,234,0.009381083,0,0,0,9270,267
Westmont,292.5764322,482.3105025,0.263947711,-1.33200426,3.249771429,2.570857143,1.575042857,2.749028571,7439,8.91449171,17492,9.769498913,33723,1.847633978,18251.99168,9.812029486,14659,0.434688492,17488,0.518577825,7345,0.217803873,44,0.001304748,0.001303898,0.006494084,219,0.006473088,58,0.001719894,0.001718417,8112,462
Pasadena,292.5764322,482.3105025,0.720813744,-0.327374505,1.524973529,1.729417647,0.997411765,2.454635294,65241,11.08584338,121404,11.70687911,140924,24.50766731,5750.200467,8.656989997,68364,0.485112543,71834,0.509735744,79296,0.562686271,21783,0.154572677,0.143730299,0.002817121,397,0.00281316,252,0.001788198,0.001786601,18241,5502
Alondra Park,292.5764322,482.3105025,0.980444253,-0.019749491,1.6832,1.9978,1.0794,1.2066,12555,9.437874272,22259,10.0105017,4914,0.980444253,5012.013671,8.519593044,2229,0.453601954,2743,0.558201058,2402,0.488807489,1644,0.334554335,0.288597405,0,0,0,39,0.007936508,0.00790518,320,326
View Park-Windsor Hills,292.5764322,482.3105025,0.920592265,-0.08273805,1.5894,2.23755,0.91135,1.8441,5517,8.615589513,10661,9.274347502,11580,1.84118453,6289.429338,8.74662562,5368,0.463557858,6272,0.541623489,1151,0.099395509,243,0.020984456,0.020767315,0.001381693,16,0.001380739,29,0.002504318,0.002501187,314,640
Fairfax,292.5764322,482.3105025,0.26495188,-1.328207054,1.367175,1.245675,0.400925,2.3499,53982.93893,10.89642333,101468.8244,11.52750688,11968,1.059807519,11292.61662,9.331904395,5537,0.462650401,6096,0.509358289,9477,0.791861631,647,0.054060829,0.052650161,0.001420455,17,0.001419447,53,0.004428476,0.004418699,318,655
Lopez/Kagel Canyons,292.5764322,482.3105025,1.729499121,0.547831841,1.7709,2.3435,1.1694,2.6512,53982.93893,10.89642333,101468.8244,11.52750688,4189,1.729499121,2422.088539,7.79238548,2248,0.53664359,2131,0.508713297,2555,0.609930771,236,0.056338028,0.054808236,0.006922893,29,0.00689904,0,0,0,950,164
Pico-Robertson,292.5764322,482.3105025,0.247990612,-1.394364388,1.148966667,1.8799,0.615183333,2.4169,52667,10.87174435,95908,11.47114468,21870,1.487943672,14698.13704,9.595476033,10969,0.501554641,12665,0.579103795,18726,0.856241427,1980,0.090534979,0.086668382,0.000731596,16,0.000731329,9,0.000411523,0.000411438,990,1130
Lynwood,292.5764322,482.3105025,0.440258773,-0.820392604,3.204009091,2.015918182,1.803627273,2.667081818,119352,11.68983239,210520,12.25733594,70008,4.842846498,14455.96098,9.578862133,34253,0.489272655,36023,0.514555479,38026,0.543166495,523,0.007470575,0.007442808,0.006599246,462,0.006577566,128,0.001828362,0.001826693,23658,1051
Hollywood Hills West,292.5764322,482.3105025,1.073130547,0.070580122,0.7512,1.091925,0.271525,1.23205,11392,9.340666634,22470,10.01993637,13500,4.29252219,3145.004126,8.053570481,7895,0.584814815,6323,0.46837037,12096,0.896,658,0.048740741,0.04759015,0.002444444,33,0.002441461,46,0.003407407,0.003401615,327,597
Boyle Heights,292.5764322,482.3105025,0.266389886,-1.322794307,3.158172,2.530704,1.882156,2.966344,30507,10.32571144,54362,10.90342066,93528,6.659747142,14043.77644,9.549934619,46151,0.493445813,47013,0.502662304,62122,0.66420751,3024,0.032332564,0.031820867,0.005484988,513,0.00547,93,0.000994355,0.000993861,24813,1363
Chesterfield Square,292.5764322,482.3105025,0.369811584,-0.994761635,3.270333333,2.540833333,1.653166667,2.4432,25898,10.16192102,47447,10.76736858,14680,1.109434752,13231.96337,9.490390649,7148,0.486920981,7554,0.514577657,3829,0.260831063,186,0.0126703,0.012590703,0.000476839,7,0.000476725,0,0,0,4280,246
Veterans Administration,292.5764322,482.3105025,0.977072424,-0.023194501,3.6434,2.7458,0.8675,2.8275,1975,7.588323677,3596,8.187577396,1096,0.977072424,1121.718281,7.022616968,879,0.802007299,136,0.124087591,518,0.472627737,57,0.052007299,0.050700053,0.003649635,4,0.003642991,2,0.001824818,0.001823155,35,37
