Afri Amer perc,Afri Amer pop,Asian perc,Asian pop,Female perc,Females,Log(Afri Amer perc+1),Log(Asian perc+1),Log(Pacific Isl perc+1),Log(Rpl1),Log(pop dens),Males,Males perc,Neighborhoods,Other pop,Pacific Isl perc,Pacific Isl pop,Pred Formula Risk Score Tentative 2,Pred Formula Risk Score Tentative,r0,r1,Log[r1+1],Risk Score Tentative,Rpl1,Rpl2,Rpl3,Rpl4,Rpl Overall,Sum of Area Sqmi,Tot pop,Two or more pop,White perc,White pop,Ln(Visitors),Ln(Visits),Pop Dens,Raw Visitor,Raw Visits,r1-r0,Log[r1-r0],Risk Score Tentative Prediction Formula
0.003021148,23,0.014974386,114,0.481938789,3669,0.003016594,0.014863377,0.000656555,0.718498113,4.723046587,4102,0.538815185,Acton,807,0.000656771,5,3.174828417,-0.683766048,100.36,138,4.9344739331,,2.05135,1.2531,1.56505,0.2628,2.05135,67.66479326,7613,271,0.836858006,6371,7.663407665,8.446985296,112.5105041,2129,4661,37.64,3.6542880093,5.1915696611
0.007402533,135,0.07627351,1391,0.504304436,9197,0.007375269,0.073504621,0.000602987,-1.860095309,10.06186518,8335,0.45703789,Adams-Normandie,7793,0.000603169,11,12.28845597,10.86164887,402.34,670.57,6.5096182548,,0.155657794,3.46428,2.06192,1.67858,3.34084,0.778288968,18237,367,0.215057301,3922,10.85707407,11.44857893,23432.17076,51900,93768,268.23,5.5955660329,11.179410687
0.000527899,10,0.062767249,1189,0.513593412,9729,0.00052776,0.060876119,0,0.589519295,8.161058166,9129,0.481919443,Agoura Hills,601,0,0,-3.002977397,-0.985483275,153.23,167.6,5.1275290456,0,1.803121437,0.644633333,1.737233333,0.339366667,1.367333333,5.40936431,18943,636,0.851185134,16124,9.574636203,10.18956834,3501.890225,14395,26624,14.37,2.7324175576,-1.929335233
0,0,0.016691213,68,0.430289642,1753,0,0.016553446,0,0.495366749,4.851205296,1966,0.48257241,Agua Dulce,75,0,0,6.165190526,0.562753412,72.15,216.45,5.381968939,,1.6411,1.2519,1.423,0.3048,1.6411,31.854393,4074,370,0.785468827,3200,10.89642333,11.52750688,127.8944477,53982.93893,101468.8244,144.3,4.9788005706,6.450350861
0.004036529,343,0.507496411,43124,0.511026902,43424,0.004028404,0.410450269,0.001622709,-0.963512332,9.317880664,41442,0.487702121,Alhambra,17814,0.001624026,138,4.437273368,2.243494548,149.9,253.68,5.5400078551,,0.381550398,2.076255,1.66798,1.68503,2.54648,7.63100796,84974,2532,0.22774025,19352,9.737669068,10.30798553,11135.35727,16944,29971,103.78,4.651862914,4.4332766279
0.003334159,148,0.075243867,3340,0.50658947,22487,0.003328613,0.072547489,0.000180209,0.113227932,8.508077496,21700,0.488859853,Altadena,4396,0.000180225,8,-0.246030891,2.485255306,240.72,359.93,5.8886840337,,1.119887162,1.4232375,1.8922125,0.922125,1.85495,8.959097295,44389,2770,0.53308252,23663,10.3772653,11.09012598,4954.628635,32121,65521,119.21,4.7892402133,1.273231203
0.003057169,160,0.616401712,32260,0.552239376,28902,0.003052505,0.480202513,0.001432022,-0.200949567,8.668494044,25623,0.489586518,Arcadia,2935,0.001433048,75,1.811214065,-1.782009628,152.28,277.67,5.6300282861,,0.817953682,1.405354545,1.769390909,1.351672727,1.671363636,8.997490504,52336,1943,0.310226231,16236,10.69614064,11.34948847,5816.733008,44185,84922,125.39,4.8393723647,1.7956332081
0.005918237,195,0.092354851,3043,0.462168806,15228,0.005900793,0.08833578,0,-0.803028395,9.413985117,15639,0.47464263,Arleta,7970,0,0,4.66540836,5.832494152,500.44,852.49,6.7493338257,,0.447970277,2.511916667,1.978633333,1.671666667,2.702566667,2.687821659,32949,781,0.559956296,18450,10.89642333,11.52750688,12258.62582,53982.93893,101468.8244,352.05,5.86660969,5.8033514981
0.001724446,29,0.374561456,6299,0.50621395,8513,0.001722961,0.318134739,0.001663597,-0.615789024,9.247322294,8276,0.492121068,Artesia,2804,0.001664982,28,4.050308558,2.386196293,89.31,226.26,5.4260947365,,0.540214485,2.189966667,2.023266667,1.439666667,3.138533333,1.620643454,16817,618,0.391568056,6585,10.89642333,11.52750688,10376.74262,53982.93893,101468.8244,136.95,4.9268913007,4.6959840393
0.004291462,48,0.216629414,2423,0.465355387,5205,0.00428228,0.19608426,0.004193252,-0.724977193,8.948693778,5154,0.460795709,Atwater Village,2074,0.004202056,47,2.405516215,0.983039398,259.1,354.56,5.8736940114,,0.484335615,1.671066667,1.5285,1.214566667,2.1768,1.453006846,11185,300,0.474564148,5308,9.538204234,10.14792282,7697.830214,13880,25538,95.46,4.5691284146,3.0248232527
0,0,0.000817661,3,0.528754429,1940,0,0.000817327,0,0.200767254,8.00690717,1641,0.447260834,Avalon,527,0,0,-0.882847188,-0.831537078,0,0,0,0,1.222340244,1.4764,2.1242,0.7792,3.6828,1.222340244,3669,338,0.737258108,2705,6.635946556,7.719573989,3001.619245,762,2252,0,0,-0.597461462
0.000803455,8,0.097418901,970,0.522848247,5206,0.000803132,0.092960969,0,-0.351745791,8.864629711,4917,0.493823441,Avocado Heights,4351,0,0,6.009718621,6.894546034,206.64,472.32,6.1597716925,,0.703458925,2.7255,2.155,1.66505,1.73195,1.40691785,9957,108,0.469518931,4675,10.89642333,11.52750688,7077.172274,53982.93893,101468.8244,265.68,5.5860494377,6.3626616603
0.006700476,255,0.096959823,3690,0.530362351,20184,0.006678128,0.092542556,0.002021237,-0.057209553,8.301464774,20162,0.529784271,Azusa,16772,0.002023281,77,3.032077426,4.336629845,425.36,786.48,6.6688379736,,0.944396148,2.05943,1.82823,1.24702,1.95363,9.443961484,38057,1417,0.451244186,17173,10.8234316,11.41927391,4029.770776,50183,91060,361.12,5.8919756486,4.5208058936
0.011708789,877,0.17949026,13444,0.493865235,36991,0.011640772,0.165082362,0.003385406,-0.897217537,9.348551335,38590,0.515213415,Baldwin Park,31713,0.003391143,254,4.628604505,5.090126093,205.81,465.03,6.1442500097,,0.4077025,2.59013125,1.8386125,1.79369375,2.3861625,6.523240007,74901,1436,0.350435909,26248,10.89642333,11.52750688,11482.17756,53982.93893,101468.8244,259.22,5.5615274271,5.353637363
0.003373972,119,0.010036859,354,0.492429827,17368,0.003368293,0.009986824,0.003085679,-1.34345219,9.868330064,18018,0.510859087,Bell,9402,0.003090445,109,7.504870465,7.775424206,448.64,957.83,6.8657137912,,0.260943286,3.191671429,2.043585714,1.854642857,2.736057143,1.826603003,35270,410,0.699603062,24675,10.89642333,11.52750688,19309.06713,53982.93893,101468.8244,509.19,6.2347832054,8.2704514453
0.003330128,142,0.007973547,340,0.502169274,21413,0.003324595,0.007941926,0.000211042,-1.29764669,9.760993622,21392,0.50167679,Bell Gardens,10188,0.000211064,9,9.019469597,8.648023874,325.04,752.25,6.624397178,,0.2731739,3.434455556,2.148922222,1.881755556,2.928666667,2.458565103,42641,423,0.734715415,31329,10.89642333,11.52750688,17343.85636,53982.93893,101468.8244,427.21,6.0596137295,9.4218289029
0.004862697,377,0.130222239,10096,0.515961769,40002,0.004850912,0.122414285,0.001121532,-1.078956337,9.446991918,37685,0.486076178,Bellflower,25453,0.001122161,87,7.206865686,7.513902214,241.85,541.58,6.29633554,10,0.339950134,2.426333333,2.114605556,1.366,2.8945,6.119102412,77529,3252,0.35946549,27869,10.97802912,11.58003256,12669.9955,58573,106941,299.73,5.7062128522,7.3027206425
0,0,0.094669118,1030,0.530606618,5773,0,0.090452142,0,1.126321396,7.069747836,5295,0.486672794,Beverly Crest,120,0,0,-4.785066524,-4.918729693,279.44,295.41,5.691743631,,3.084289726,0.5416,1.555566667,0.1922,0.477833333,9.252869178,10880,449,0.856158088,9315,8.476787777,9.287579152,1175.851489,4802,10803,15.97,2.8314470792,-2.92862269
0.001191099,41,0.0880251,3030,0.540555459,18607,0.00119039,0.084364218,0,0.110938937,8.389602087,15913,0.462291558,Beverly Hills,594,0,0,1.459547477,0.12727402,347.62,402.67,6.0005977125,,1.117326678,0.977957143,1.8034,0.450314286,1.526328571,7.821286747,34422,1596,0.837371448,28824,11.05888967,11.65057213,4401.066105,63506,114757,55.05,4.0262441495,1.2376554557
0,0,0.117587172,462,0.562229575,2209,0,0.111172051,0,-0.626526283,8.902666503,2006,0.510562484,Beverlywood,0,0,0,1.580504944,1.625357623,258.1,280.88,5.6414814485,,0.534445091,0.6525,1.8849,0.286,0.3428,0.534445091,3929,31,0.927716976,3645,10.89642333,11.52750688,7351.550358,53982.93893,101468.8244,22.78,3.1688448913,0.1676951198
0.000299536,2,0.049872697,333,0.092856073,620,0.000299491,0.048668916,0,0.721560948,8.084863116,525,0.078628126,Bradbury,59,0,0,-0.695362204,-0.554281431,187.09,280.64,5.6406296597,0,2.057642578,0.4167,2.058,0.6193,1.2231,2.057642578,6677,30,0.10498727,701,10.89642333,11.52750688,3244.97562,53982.93893,101468.8244,93.55,4.5491287951,0.0153055649
0.002186374,74,0.08452993,2861,0.530431957,17953,0.002183987,0.081146649,0,0.305972457,7.821018553,14510,0.428706494,Brentwood,273,0,0,1.435000445,-1.696209447,226.13,261.67,5.5708984915,,1.357944904,0.76321,1.65733,0.26237,1.39896,13.57944904,33846,1275,0.815960527,27617,10.31615996,10.94480612,2492.442801,30217,56659,35.54,3.5984075509,0.9678754522
0.004114799,436,0.112987099,11972,0.511207165,54167,0.004106356,0.107047481,0.000452902,-0.319780527,8.712534202,50416,0.47580668,Burbank,9724,0.000453005,48,3.27320264,1.777649205,292.97,376.94,5.9347354529,,0.726308425,1.55615,1.6928375,0.763629167,1.91915,17.43140221,105959,5046,0.705546485,74759,11.85973692,12.41049403,6078.627454,141455,245363,83.97,4.442298253,2.8680686792
0.002294982,30,0.093099755,1217,0.532971236,6967,0.002292353,0.089017472,0.000764702,1.202639604,7.176975925,6169,0.471924725,Calabasas,132,0.000764994,10,-3.507352139,-3.793062674,197.34,333.02,5.8112008714,,3.328892293,0.866466667,1.979933333,0.452733333,1.116766667,9.98667688,13072,929,0.814871481,10652,7.922985959,8.777092883,1308.943922,2760,6484,135.68,4.9176424272,-0.251544573
0.003355158,206,0.143213134,8793,0.47099254,28918,0.003349542,0.133842836,0.002277609,-1.121528392,9.581711574,29693,0.483615101,Canoga Park,16177,0.002280205,140,5.731575849,5.777196269,588.15,781.14,6.6620337527,,0.325781492,2.451584615,1.837792308,1.440553846,2.994846154,4.235159402,61398,1513,0.475357504,29186,10.6994846,11.24401281,14497.21113,44333,76421,192.99,5.2678066113,6.3180333002
0.007439591,738,0.242109295,24017,0.511718868,50762,0.007412054,0.216810979,0.020830137,-0.049564607,8.509925383,48002,0.483896007,Carson,12916,0.021048599,2088,3.577177263,-2.565657686,331.39,450.74,6.1131067931,,0.951643673,2.03562381,2.009142857,1.300080952,2.264871429,19.98451713,99199,7391,0.290537203,28821,10.72908742,11.33860779,4963.792689,45665,84003,119.35,4.7904041642,4.2730361928
0.001964878,16,0.095296574,776,0.491096647,3999,0.00196295,0.09102517,0.005144548,-0.945324268,9.25709103,4012,0.492693111,Carthay,382,0.005157804,42,-0.022416052,0.3362932,480.4,563.95,6.3367372317,,0.388553555,1.0655,1.3255,0.5615,1.9955,0.777107109,8143,635,0.657128822,5351,9.389490238,10.01846666,10478.60701,11962,22437,83.55,4.4373430753,1.0033200811
0,0,0.195764909,453,0.496110631,1148,0,0.178786072,0.012027636,-0.83864381,8.585376718,1207,0.521607606,Century City,0,0.012100259,28,-1.186845663,-2.694694685,250.16,265.79,5.5864618321,,0.432296402,0.514,2.0947,0.5919,1.8406,0.432296402,2314,37,0.791270527,1831,8.706159291,9.628326761,5352.808835,6040,15189,15.63,2.8112082932,-0.316297608
0.002571155,129,0.602906003,30249,0.513373993,25757,0.002567855,0.471818234,0.001453938,-0.232054254,8.657371363,24040,0.479151718,Cerritos,2208,0.001454995,73,1.857635778,-0.103212064,147.8,257.65,5.5554757964,,0.792903104,1.287436364,1.761927273,1.324236364,1.663281818,8.72193414,50172,1719,0.224766802,11277,10.21354248,10.75010661,5752.393815,27270,46635,109.85,4.7081779361,2.0585608128
0.00170503,22,0.124777184,1610,0.499806247,6449,0.001703578,0.117584957,0,-0.485825647,9.257893588,6122,0.474463303,Charter Oak,3202,0,0,4.559651264,5.735821539,0,0,0,,0.615189058,2.2507,2.1306,1.13805,2.79185,1.230378116,12903,1151,0.466248159,6016,10.14195312,10.7119035,10487.02007,25386,44887,0,0,2.1140600498
0.005354779,267,0.197324616,9839,0.478901769,23879,0.005340493,0.180089581,0.001162534,0.210858112,8.041206999,23007,0.461413501,Chatsworth,3651,0.00116321,58,-0.111677128,-1.611915995,353.47,542.35,6.2977536795,,1.234737148,1.132207692,1.685753846,0.675076923,1.807269231,16.05158292,49862,2400,0.575989732,28720,11.09321943,11.78736271,3106.360303,65724,131579,188.88,5.2463922937,1.2451477409
0.003078953,28,0.088409941,804,0.551682428,5017,0.003074223,0.084717861,0.000769442,-0.140817039,8.563039993,4747,0.521992523,Cheviot Hills,110,0.000769738,7,-2.191554512,-0.172172809,196.27,239.89,5.4843403978,,0.868648226,0.30745,1.8471,0.2638,1.6148,1.737296451,9094,327,0.908071256,8258,9.893538222,10.59287768,5234.570067,19802,39850,43.62,3.798182189,-1.241294483
0.012735502,242,0.331859804,6306,0.291864014,5546,0.012655088,0.286576314,0.002155344,-1.511938771,9.977943924,12106,0.637090833,Chinatown,1948,0.002157668,41,-1.14160669,5.83712718,124.67,311.68,5.7451803034,,0.220482099,3.1007,1.707,1.588125,2.95625,0.881928397,19002,474,0.289443217,5500,10.89642333,11.52750688,21545.96684,53982.93893,101468.8244,187.01,5.2364951529,3.5419625515
0.008483862,271,0.179068967,5720,0.616660927,19698,0.008448076,0.164725116,0.000532056,0.574991158,7.717275644,18508,0.579407069,Claremont,2840,0.000532198,17,0.434252818,-0.784350065,82.23,123.34,4.8230197488,,1.777114813,1.5736,1.8321,0.6577875,2.025375,14.2169185,31943,1707,0.812447172,25952,9.374497958,9.99369382,2246.830071,11784,21888,41.11,3.7402852422,1.9114444137
0.010510733,142,0.009104367,123,0.489563286,6614,0.010455879,0.009063172,0.001109673,0.901679122,7.51089402,6937,0.513471503,Commerce,2412,0.001110289,15,4.727962309,4.152499563,160.69,612.14,6.4185932949,,2.463736553,3.226166667,2.482866667,1.743366667,2.498733333,7.39120966,13510,320,0.754330126,10191,10.51466517,11.16342472,1827.846945,36852,70504,451.45,6.1146772598,7.707664465
0.00435329,485,0.009828561,1095,0.519558388,57884,0.004343842,0.009780575,0.003011348,-0.839266413,9.282184952,54350,0.487837717,Compton,31925,0.003015887,336,9.151712127,9.832997643,295.28,634.61,6.4545851677,,0.432027337,3.223320833,2.380729167,1.745291667,2.888691667,10.36865608,111410,2323,0.380441612,42385,10.38745572,10.99586377,10744.88334,32450,59627,339.33,5.8299157351,9.6287280405
0.009743613,434,0.123097301,5483,0.565713259,25198,0.00969645,0.116090316,0,-0.603395685,9.004998435,23870,0.535898702,Covina,15054,0,0,5.686341141,6.574679333,448.41,719.94,6.5805559161,,0.546951205,2.2371,2.136,1.3156,2.8827,5.469512052,44542,2266,0.531857573,23690,10.60552014,11.16720459,8143.688061,40357,70771,271.53,5.6077486998,6.5225149028
0.003164557,76,0.006204197,149,0.507411726,12186,0.00315956,0.00618503,0.00166417,-1.678179462,9.972895547,11920,0.496335776,Cudahy,6106,0.001665556,40,10.66297341,9.452503152,406.62,1072,6.9782137426,10,0.186713586,3.466683333,2.18875,1.871916667,2.655966667,1.120281516,24016,511,0.712983011,17123,10.89642333,11.52750688,21437.46876,53982.93893,101468.8244,665.38,6.5018600784,10.566970511
0.006958116,205,0.151856629,4474,0.515036318,15174,0.00693402,0.141375101,0.000576848,-0.649517095,8.994463523,14312,0.485778291,Culver City,2023,0.000577014,17,1.674332025,1.999015038,296,403.86,6.0035413283,,0.522297936,1.1808,1.590342857,0.849671429,2.477128571,3.656085552,29462,1760,0.661360396,19485,9.239802082,9.782392789,8058.345348,10299,17719,107.86,4.690062653,2.5857601713
0.004241248,59,0.066637912,927,0.486233916,6764,0.004232279,0.064511563,0.024918764,-0.282334151,9.129622145,7874,0.566026885,Del Aire,2893,0.025231831,351,-0.212169938,-1.474429728,250.4,364.22,5.9004999117,,0.754021685,1.9224,2.07305,1.15625,2.4581,1.508043369,13911,1083,0.57371864,7981,10.89642333,11.52750688,9224.53577,53982.93893,101468.8244,113.82,4.7433656847,2.1605667543
0.019781057,571,0.149968821,4329,0.529273193,15278,0.019587954,0.13973483,0.001799806,-1.11768686,9.442196422,13811,0.478452158,Del Rey,2644,0.001801427,52,4.922776916,2.051728322,193.75,585.05,6.3734051102,,0.327035399,1.780428571,1.663142857,0.954371429,2.339271429,2.289247793,28866,1866,0.640823114,18498,9.924857578,10.49393733,12609.38204,20432,36096,391.3,5.9720268532,5.3217977956
0.005940083,276,0.534327652,24827,0.519305269,24129,0.00592251,0.428092273,0.011320835,0.714980474,7.834228047,22297,0.479876894,Diamond Bar,3954,0.011385158,529,-1.500019628,-6.798611882,76.5,118.23,4.7810544008,,2.044146768,1.210144444,1.527077778,1.377522222,1.388877778,18.39732092,46464,1899,0.281422176,13076,10.89642333,11.52750688,2525.585123,53982.93893,101468.8244,41.73,3.7549012497,-1.128386312
0.002438204,290,0.069463595,8262,0.51797545,61608,0.002435236,0.06715721,0.001948663,-0.597467236,9.148347464,57811,0.486051791,Downey,24432,0.001950563,232,4.205101407,4.418651501,267.8,652,6.4815771293,,0.550203408,2.060378261,1.929565217,1.419352174,2.300765217,12.65467838,118940,3408,0.65648226,78082,11.32143803,11.95431097,9398.895526,82573,155486,384.2,5.9537626799,4.7486162808
0.007347905,118,0.166199639,2669,0.585652905,9405,0.007321041,0.15375029,0,2.604511793,5.980900637,7893,0.491500093,Duarte,2810,0,0,-3.43296332,-4.466479321,639.18,947.28,6.8546498173,,13.52462088,1.099133333,1.7569,0.9335,1.9763,40.57386265,16059,736,0.581356249,9336,10.15229885,10.75286896,395.7966768,25650,46764,308.1,5.7336648491,0.2041819451
0.009340529,315,0.24988139,8427,0.512068557,17269,0.009297176,0.223048659,0.003079112,-0.657700299,9.004223785,15890,0.471177796,Eagle Rock,3887,0.003083857,104,4.242480812,1.165825087,325.85,464.78,6.1437134196,,0.518041306,1.8178875,1.9686875,1.0920125,2.536225,4.144330451,33724,2027,0.529355948,17852,10.49943527,11.16007178,8137.381997,36295,70268,138.93,4.9411422976,4.5523757242
0.003135878,209,0.188482775,12562,0.515019205,34325,0.003130971,0.172677515,0.00118463,-2.011620761,10.22842932,34252,0.513923899,East Hollywood,25267,0.001185332,79,8.068077833,7.400487996,587.29,778.5,6.6586526885,,0.133771687,2.858516667,1.677727778,1.563533333,3.515711111,2.407890374,66648,1785,0.400447125,26689,10.00518637,10.60905725,27679.00097,22141,40500,191.21,5.2585885243,8.0674911456
0.00904629,94,0.055047637,572,0.526609566,5472,0.009005617,0.053585919,0.001058048,-0.586458998,9.142007144,4963,0.477624868,East La Mirada,2010,0.001058608,11,3.765165996,2.08798132,170.07,302.34,5.7148542886,,0.556293638,1.9723,1.7049,0.8499,2.09495,1.112587276,10391,339,0.710614955,7384,10.89642333,11.52750688,9339.492033,53982.93893,101468.8244,132.27,4.8923771456,3.8424806479
0.005138562,603,0.010430514,1224,0.526323414,61763,0.005125405,0.010376492,0.0000596,-1.36242694,9.703121587,59598,0.507874016,East Los Angeles,56847,0.0000597,7,8.292741656,9.029068428,391.96,876.51,6.7770883513,,0.256038632,3.353039286,2.073903571,1.869067857,2.257164286,7.169081703,117348,1728,0.515705423,60517,10.2995082,11.04920605,16368.62361,29718,62894,484.55,6.185282269,8.6785639059
0.00376569,9,0.360669456,862,0.483263598,1155,0.003758618,0.307976826,0,-0.82461496,8.603663605,1260,0.527196653,East Pasadena,284,0,0,1.311693119,2.179393238,0,62.47,4.1505673533,,0.438403763,1.1612,1.5466,1.2474,1.4186,0.438403763,2390,166,0.441841004,1056,10.89642333,11.52750688,5451.595542,53982.93893,101468.8244,62.47,4.1505673533,0.9084822875
0.017251052,615,0.151725105,5409,0.490378682,17482,0.017103942,0.14126091,0.000476744,-1.373207876,9.657487723,17838,0.500364656,Echo Park,6839,0.000476858,17,2.170849572,0.754413989,231.48,343.71,5.8427034838,,0.253293122,2.247466667,1.4629,1.326477778,2.930177778,2.2796381,35650,1418,0.554810659,19779,10.312214,11.20828711,15638.44717,30098,73739,112.23,4.7294211483,2.9716264693
0.005141248,566,0.296739032,32668,0.507639204,55886,0.005128077,0.259852676,0.003626806,-0.897943671,9.328943331,54756,0.497374875,El Monte,19469,0.003633391,400,6.674956818,3.472848746,211.48,484.36,6.1848908836,,0.407406561,2.7034875,2.0938875,1.798408333,3.043595833,9.777757475,110090,1510,0.504578072,55549,11.41255249,12.04465899,11259.22792,90450,170188,272.88,5.6126900543,6.9296971451
0.004866469,82,0.074718101,1259,0.506468843,8534,0.004854666,0.072058396,0.003613641,-0.093758119,8.034104585,8367,0.496557864,El Segundo,427,0.003620178,61,-2.456076564,-4.455878264,178.72,208.51,5.3447714709,,0.910502969,0.8434,1.0593,0.213216667,1.120933333,5.463017816,16850,1338,0.79810089,13448,9.803114578,10.56921215,3084.37581,18090,38918,29.79,3.4271899619,-1.699651803
0.009098489,371,0.097630959,3981,0.517412203,21098,0.009057347,0.093154184,0.001127479,-1.001507453,9.219461132,19748,0.484304493,El Sereno,16836,0.001128115,46,9.906813424,8.5660955,296.59,428.15,6.0618065082,,0.367325298,2.936054545,2.256709091,1.669418182,2.466709091,4.04057828,40776,880,0.443128311,18069,11.78116475,12.33768407,10091.62481,130766,228133,131.56,4.8870353731,8.6416024398
0.009232545,16,0.013848817,24,0.502596653,871,0.009190186,0.013753798,0,2.168841552,5.288767737,737,0.425274091,Elizabeth Lake,10,0,0,4.956296092,-1.163317891,60.2,180.61,5.2018615307,,8.748143903,1.8206,2.5474,0.5159,0.5054,8.748143903,1733,35,0.878822851,1523,10.89642333,11.52750688,198.0991647,53982.93893,101468.8244,120.41,4.7991732476,5.7406330495
0,0,0.298644724,1234,0.431752178,1784,0,0.261321201,0,-0.000817972,7.634187622,1671,0.404404647,Elysian Park,1128,0,0,6.725527906,2.812746579,210.08,280.11,5.6387460518,,0.999182362,3.14055,2.65645,1.6035,3.46985,1.998364724,4132,28,0.225314618,931,5.802118375,6.759255271,2067.690622,331,862,70.03,4.263102323,9.5033138441
0.004581152,49,0.186611818,1996,0.478309648,5116,0.00457069,0.171102034,0.002241315,-0.764738815,8.943751645,4884,0.456619297,Elysian Valley,3522,0.002243829,24,6.701317299,4.981365969,314.62,619.41,6.4303805498,,0.465455485,2.495766667,1.985866667,1.605333333,2.3568,1.396366455,10696,433,0.363500374,3888,10.89642333,11.52750688,7659.880371,53982.93893,101468.8244,304.79,5.7228985918,6.8400534333
0.000248932,13,0.077130766,4028,0.520709266,27193,0.000248901,0.074300808,0.000363758,-0.118074047,8.583457064,23905,0.457748502,Encino,1439,0.000363824,19,2.795112845,1.68320387,225.8,287.79,5.6656997804,,0.88863025,1.327472727,2.080954545,0.542454545,1.814072727,9.774932751,52223,1482,0.814124045,42516,10.4499023,11.08870558,5342.543149,34541,65428,61.99,4.1429759836,2.8836479812
0.012903979,442,0.039938108,1368,0.505532362,17316,0.012821432,0.0391612,0.003613584,-1.38806738,9.883686662,16558,0.483402914,Exposition Park,16823,0.003620121,124,7.991640217,8.673736523,389.61,612.24,6.4187563764,,0.249557138,3.365728571,2.038171429,1.809042857,2.809785714,1.746899965,34253,887,0.186990921,6405,9.330697869,10.05082939,19607.8772,11279,23175,222.63,5.4099929004,8.5696952033
0.009316722,599,0.003390727,218,0.487533635,31345,0.009273589,0.003384991,0.000186629,-1.270579739,9.776836422,32247,0.501563156,Florence-Firestone,31677,0.000186646,12,8.866198812,10.73162605,908.36,1893.03,7.5464621131,10,0.28066886,3.545853846,2.162507692,1.907261538,2.580253846,3.648695177,64293,890,0.382809948,24612,10.89642333,11.52750688,17620.81974,53982.93893,101468.8244,984.67,6.893321613,9.9186335671
0.003009698,189,0.258849945,16255,0.526267178,33048,0.003005178,0.230198562,0.009367268,-0.800296057,9.139908435,29407,0.468286702,Gardena,13867,0.009411278,591,5.967903335,2.798840376,311.53,455.06,6.1226243798,,0.449195957,2.06306,1.957313333,1.497393333,2.656386667,6.737939361,62797,2406,0.225806965,14180,11.22001642,11.84317121,9319.911717,74609,139131,143.53,4.9734870985,5.3565965737
0.00764185,233,0.187143326,5706,0.484191538,14763,0.007612799,0.171549855,0.001376553,-1.009662119,9.255374616,15381,0.504460479,Glassell Park,6342,0.001377501,42,4.712694231,5.467210781,442.98,591.7,6.3846883688,,0.364342063,2.3460375,1.978825,1.3847625,2.4138375,2.914736507,30490,1029,0.532469662,16235,7.262628601,7.824046011,10460.63681,1426,2500,148.72,5.008766883,6.643128997
0.002943496,571,0.162247986,31474,0.516936702,100279,0.002939172,0.150356049,0.000587495,0.502979468,8.009005311,91692,0.472670849,Glendale,11485,0.000587668,114,2.671483517,-0.587994624,371.93,477.01,6.1696316528,,1.653640909,2.030441026,1.969433333,0.966228205,2.398782051,64.49199544,193987,7018,0.712908597,138295,11.55002855,12.21377292,3007.923676,103780,201546,105.08,4.6641935264,3.6041738312
0.00330539,166,0.118635631,5958,0.550546584,27649,0.003299939,0.112109756,0.001532049,0.333933558,7.92530563,26426,0.526194222,Glendora,5130,0.001533223,77,2.340020034,1.071896811,447.07,736.94,6.6038625205,,1.396450357,1.620353846,2.0568,0.6841,2.2467,18.15385465,50221,2532,0.771967902,38769,11.14189077,11.76218111,2766.409723,69002,128307,289.87,5.672876432,4.0466660357
0.004424322,257,0.163321168,9487,0.504045586,29279,0.004414563,0.15127899,0.001668487,0.133850568,8.127813612,28646,0.493148327,Granada Hills,7957,0.00166988,97,1.648939938,0.821990986,305.89,580.85,6.3662126826,,1.143221973,1.39114,1.80768,0.783166667,1.69968,17.1483296,58088,3489,0.581944636,33804,12.05261256,12.66235127,3387.385324,171547,315638,274.96,5.6202559277,2.5393171404
0.003802188,155,0.002428494,99,0.512657607,20899,0.003794978,0.00242555,0.000171697,-1.162691754,9.698853891,18909,0.463842418,Green Meadows,14555,0.000171712,7,9.577419182,10.55429877,437.11,874.22,6.7744752833,,0.312643488,3.4387875,2.3703625,1.8203375,2.7737625,2.501147905,40766,468,0.311754894,12709,10.46905701,11.20242502,16298.91616,35209,73308,437.11,6.0824700204,9.8149131146
0.003724939,204,0.392634116,21503,0.492294489,26961,0.003718019,0.331197001,0.001587317,-0.033781415,8.3796569,26927,0.491673666,Hacienda Heights,8554,0.001588577,87,1.48426402,0.301912931,130.53,275.36,5.6217043636,,0.966782806,1.718623077,1.756907692,1.547638462,1.583946154,12.56817647,54766,1432,0.393273199,21538,10.89642333,11.52750688,4357.513607,53982.93893,101468.8244,144.83,4.9824415597,2.1504102905
0.000873286,10,0.183040782,2096,0.524233691,6003,0.000872905,0.168088058,0,-0.514574725,8.761794777,5627,0.491398131,Hancock Park,573,0,0,-1.629444112,-1.542310196,422.56,475.38,6.1662158551,,0.597754751,0.7128,1.4061,0.3806,1.5878,1.793264253,11451,481,0.723692254,8287,8.569785642,9.304468035,6385.561961,5270,10987,52.82,3.9856451453,-0.40061425
0.005661249,147,0.182238312,4732,0.509011785,13217,0.005645284,0.167409516,0.020771752,-1.289506888,9.508140006,12467,0.48012786,Harbor City,4970,0.020988986,545,6.736310534,-0.230892588,196.08,354.32,5.8730187919,,0.275406556,2.448414286,1.992585714,1.408757143,2.802385714,1.927845895,25966,2205,0.40433644,10499,10.0118037,10.70081455,13468.91889,22288,44392,158.24,5.0704124981,6.716828967
0.00316529,123,0.154893332,6019,0.509894748,19814,0.003160291,0.144007986,0.002493094,-0.643673989,9.131927437,18943,0.487480378,Harbor Gateway,12639,0.002496204,97,6.93146967,6.370332613,199.54,350.92,5.863403877,,0.525358712,2.9144625,2.176875,1.66645,2.953575,4.202869693,38859,1872,0.300136391,11663,11.23278819,11.89469879,9245.825552,75568,146488,151.38,5.026377401,7.0956540821
0.013786177,302,0.202364649,4433,0.508171277,11132,0.013692012,0.184290159,0.00505431,-1.928011183,10.13076757,10985,0.501460787,Harvard Heights,10276,0.005067105,111,8.484737805,6.771711695,487.94,765.18,6.6414171291,,0.145437159,3.149633333,2.034983333,1.853316667,3.4858,0.872622953,21906,461,0.207020908,4535,9.647691669,10.41304237,25103.62571,15486,33291,277.24,5.6284840506,8.8972142096
0.000309215,1,0,0,0.497526283,1609,0.000309167,0,0,-1.603217574,9.684692614,1421,0.439393939,Harvard Park,883,0,0,9.805363021,11.4665502,490.31,854.09,6.7512067266,,0.201247945,2.5415,2.1042,1.7892,3.1361,0.201247945,3234,27,0.326839827,1057,10.89642333,11.52750688,16069.72931,53982.93893,101468.8244,363.78,5.8992944321,8.8578026959
0.005448567,58,0.085674025,912,0.490746829,5224,0.005433777,0.082201015,0.001970814,-1.257071454,9.836769851,5137,0.482573978,Hawaiian Gardens,4344,0.001972757,21,8.646861395,9.322702099,109.02,504.22,6.224993978,10,0.284485938,3.0161,2.4436,1.698,2.6405,0.568971876,10645,150,0.430906529,4587,10.89642333,11.52750688,18709.18485,53982.93893,101468.8244,395.2,5.9819191343,8.8593674863
0.008160857,733,0.071410281,6414,0.508055089,45633,0.008127737,0.0689758,0.005307703,-1.080103734,9.59528379,43619,0.485632216,Hawthorne,22860,0.005321814,478,7.031747133,7.582266651,453.07,736.84,6.6037269989,,0.3395603,2.508672222,2.010694444,1.498055556,2.649916667,6.112085394,89819,8318,0.331934223,29814,10.67278526,11.19762551,14695.3117,43165,72957,283.77,5.6516818369,7.2017695427
0.00870229,171,0.047175573,927,0.49562341,9739,0.008664643,0.046096609,0,-1.25471638,9.531111085,9987,0.508244275,Hermosa Beach,199,0,0,-1.367824005,-0.009376503,127.1,147.43,5.0001134666,,0.285156713,0.50516,1.06318,0.16158,1.39146,1.425783564,19650,831,0.882239186,17336,10.89642333,11.52750688,13781.89544,53982.93893,101468.8244,20.33,3.0601145325,-2.090190273
0,0,0.117636494,655,0.515086207,2868,0,0.111216182,0,1.389329176,7.235462026,2881,0.517420977,Hidden Hills,26,0,0,-4.848650761,-3.458410368,52.91,158.73,5.0734848898,,4.012157697,0.6045,1.7304,0.2327,0.8001,4.012157697,5568,185,0.876975575,4883,10.89642333,11.52750688,1387.781942,53982.93893,101468.8244,105.82,4.6711451749,-2.343813129
0.017697478,861,0.103800539,5050,0.513432406,24979,0.017542701,0.09875926,0.002545523,-1.555182055,9.708552369,23733,0.487821422,Highland Park,17417,0.002548766,124,8.723751214,7.085467285,247.98,438.1,6.0847271776,,0.211150938,2.593771429,2.107228571,1.495957143,2.617914286,2.95611313,48651,1517,0.468089042,22773,10.89642333,11.52750688,16457.75986,53982.93893,101468.8244,190.12,5.252901503,7.8953839269
0.005179841,392,0.073548455,5566,0.472779407,35779,0.005166472,0.070969475,0.000752907,-1.7690543,9.912254623,41703,0.551058432,Hollywood,20793,0.000753191,57,3.203940007,4.984368195,322.33,411.7,6.0227209368,,0.170494149,2.260190909,1.05785,1.06115,2.998736364,3.750871276,75678,3249,0.559383176,42333,11.26366892,11.84787511,20176.11228,77938,139787,89.37,4.5039123539,3.5767588046
0.004168506,85,0.064194988,1309,0.456573979,9310,0.004159842,0.062218634,0.001861833,-0.271146818,8.402236255,11226,0.550537002,Hollywood Hills,752,0.001863567,38,-3.15291666,-2.165598199,248.01,288.78,5.6691220144,,0.762504539,1.376133333,0.858533333,0.251266667,1.942166667,4.575027232,20391,1367,0.799960767,16312,9.86723842,10.47149659,4457.022651,19288,35295,40.77,3.7321783785,-0.788916697
0.002901811,178,0.006455715,396,0.511370861,31368,0.002897609,0.006434966,0.003141407,-1.82908195,9.908846713,30262,0.493340506,Huntington Park,19483,0.003146346,193,12.0374062,10.48439963,364.8,897.72,6.8009715288,10,0.160560903,3.425494737,2.110726316,1.924489474,2.6354,3.050657153,61341,591,0.658874162,40416,10.47956707,11.00980343,20107.47092,35581,60464,532.92,6.280246015,11.3757816
0.004434899,159,0.012663171,454,0.530598014,19023,0.004425094,0.012583664,0.001115076,-1.245363766,9.429933307,16344,0.455874149,Hyde Park,6500,0.001115698,40,11.45355678,12.50602222,332.85,550.09,6.3118981352,,0.287836184,2.91072,2.44288,1.46882,2.76696,2.878361837,35852,832,0.205455763,7366,9.713536969,10.25913197,12455.69599,16540,28542,217.24,5.3855953747,10.722961366
0.005167768,140,0.293972168,7964,0.513307002,13906,0.005154461,0.257716687,0.000332159,0.744535327,7.516511373,13479,0.49754531,Industry,7005,0.000332214,9,1.510986003,0.282666736,2517.16,2517.16,7.8312837551,0,2.105462855,2.117485714,1.854314286,1.647342857,2.169428571,14.73823998,27091,818,0.398324167,10791,10.49180186,11.16052708,1838.143498,36019,70300,0,0,1.0102222141
0.006134691,676,0.01339468,1476,0.530959317,58508,0.00611595,0.013305764,0.003189304,-1.103199845,9.417351631,52177,0.473505577,Inglewood,27121,0.003194395,352,8.832367172,9.918101347,380.34,540.58,6.2944907933,,0.33180765,2.621755556,2.327988889,1.504314815,2.373792593,8.958806561,110193,4051,0.273148022,30099,11.02622319,11.67557989,12299.9642,61465,117663,160.24,5.0828939382,7.9098486392
0.001706485,8,0.002986348,14,0.145051195,680,0.001705031,0.002981898,0,0.62274526,7.830016071,639,0.136305461,Irwindale,518,0,0,-1.83966341,-0.628410412,205.62,274.16,5.6173527467,,1.864038294,0.5423,1.672,0.2789,0.4394,1.864038294,4688,25,0.158916382,745,6.398594935,6.995766156,2514.969792,601,1092,68.54,4.2419021266,0.5053659653
0.012303894,309,0.031376921,788,0.51672374,12977,0.012228816,0.030894726,0.00222735,-1.479519801,9.818941068,11468,0.456637732,Jefferson Park,8424,0.002229832,56,9.906216335,10.08158906,322.06,520.25,6.2562297731,,0.227747026,2.889216667,2.156333333,1.644433333,3.057966667,1.366482159,25114,870,0.199410687,5008,10.89642333,11.52750688,18378.57877,53982.93893,101468.8244,198.19,5.2942591431,8.9048628524
0.00713179,672,0.384150871,36197,0.505030459,47587,0.007106479,0.325086862,0.002956591,-2.552092563,10.63824817,48074,0.510198884,Koreatown,26061,0.002960966,279,7.451446134,4.698347434,379.16,553.27,6.3176519326,,0.077918446,2.603706897,1.345631034,1.771637931,3.341193103,2.259634929,94226,2473,0.264693397,24941,10.64751794,11.30032613,41699.65634,42088,80848,174.11,5.1654143479,6.4954743115
0,0,0.28319618,5575,0.51087067,10057,0,0.249353981,0,0.744525836,7.756842805,9719,0.493701107,La Canada Flintridge,285,0,0,-4.340990108,-3.055778285,217.46,246.46,5.5112489528,,2.105442874,0.3571,1.755875,0.57885,0.655775,8.421771497,19686,965,0.654373667,12882,9.935761113,10.64079515,2337.512958,20656,41806,29,3.4011973817,-3.051154442
0.001238359,25,0.280810382,5669,0.537844264,10858,0.001237593,0.247492989,0.00074274,-0.096467707,8.623016994,9667,0.478848821,La Crescenta-Montrose,654,0.000743016,15,2.284711432,1.282798402,106.06,161.61,5.0913546958,,0.90803922,1.13365,1.91005,0.7891,1.1253,3.632156881,20188,874,0.651575193,13154,9.393744676,9.862561386,5558.129966,12013,19198,55.55,4.0351252026,2.2108487622
0.001259219,14,0.137614679,1530,0.464382083,5163,0.001258427,0.128933683,0.005203206,1.196792901,7.426380614,4706,0.423277568,La Habra Heights,973,0.005216766,58,-3.733134769,-4.146845003,128.32,164.99,5.1119275456,,3.309486034,0.59475,1.842,0.6736,1.37545,6.618972068,11118,460,0.613149847,6817,9.758519582,10.46327475,1679.717014,17301,35006,36.67,3.6288640217,-2.019699057
0.003164945,155,0.198390983,9716,0.510086985,24981,0.003159947,0.18097981,0.001550641,-0.247759917,8.744219648,24149,0.493098379,La Mirada,7679,0.001551844,76,1.0604141,0.783892616,163.31,370.98,5.9188400894,,0.780547317,1.66915,1.65514,0.99057,2.25409,7.805473166,48974,2664,0.567688978,27802,9.30692247,9.9295938,6274.315337,11014,20529,207.67,5.3407540567,2.9082008635
0.006793307,270,0.121424079,4826,0.546508995,21721,0.006770336,0.114599377,0.002186563,-0.986151332,9.496949115,20785,0.522958863,La Puente,18862,0.002188955,87,6.879948392,7.460857523,142.52,336.63,5.8219506213,,0.373009522,3.0108125,2.160525,1.771575,2.56775,2.984076179,39745,1118,0.422518556,16793,9.321792297,9.979614913,13319.02995,11179,21582,194.11,5.2735635021,7.5813100557
0.006882829,211,0.084094468,2578,0.566251305,17359,0.00685925,0.080745047,0.003841776,0.145906325,8.238767207,16853,0.549745564,La Verne,2489,0.003849165,118,1.985048403,1.330152396,213.16,335.24,5.8178251907,0,1.157087793,1.468428571,2.202114286,0.586385714,2.033342857,8.09961455,30656,1712,0.835431889,25611,11.40551841,12.04128644,3784.871467,89816,169615,122.08,4.8128345505,3.0366332165
0.001876087,41,0.101308685,2214,0.55047131,12030,0.001874329,0.096499186,0,0.282502667,8.323342222,10378,0.474878741,Ladera Heights,820,0,0,0.951796473,3.30045948,240.42,268.7,5.5973102301,,1.326445313,1.13455,1.9066,0.826325,1.901,5.305781251,21854,1061,0.382630182,8362,10.89642333,11.52750688,4118.903318,53982.93893,101468.8244,28.28,3.3769046891,0.7668092792
0.004382428,125,0.105353574,3005,0.486274235,13870,0.004372853,0.10016526,0.001926411,-0.781406287,9.093962196,14404,0.504995968,Lake Balboa,7436,0.001928268,55,4.113447587,5.933214905,326.97,495.19,6.2069589179,,0.457761814,1.900557143,1.965542857,1.091385714,2.064428571,3.204332699,28523,1023,0.542299197,15468,9.946020083,10.47483426,8901.385305,20869,35413,168.22,5.1311996435,5.0308245301
0.003870514,22,0.033427164,190,0.536945813,3052,0.003863043,0.032880623,0,2.042992088,6.602418401,2885,0.507565095,Lake Los Angeles,455,0,0,3.846296133,0.538617917,192.4,230.88,5.4462199965,,7.713654637,3.2264,2.5362,0.9593,1.8138,7.713654637,5684,234,0.802251935,4560,10.89642333,11.52750688,736.8750959,53982.93893,101468.8244,38.48,3.6757942146,5.9165059857
0.004932447,414,0.179224152,15043,0.51508328,43233,0.004920322,0.164856724,0.016249183,-0.617051977,9.064466274,40990,0.488359902,Lakewood,12105,0.016381919,1375,3.273073569,-1.499573607,135.64,243.9,5.500849964,,0.53953265,1.513477778,1.828027778,0.853394444,1.616216667,9.711587697,83934,4833,0.529713823,44461,11.55610947,12.13876763,8642.665094,104413,186982,108.26,4.693730363,2.822239794
0.004150635,137,0.102826673,3394,0.484139728,15980,0.004142045,0.097876586,0.01261438,-1.111619221,9.724334691,17181,0.520525949,Lawndale,7152,0.012694277,419,3.624758686,3.460798669,240.97,374.84,5.9291635209,,0.329025764,2.374233333,1.69755,1.521066667,2.77975,1.974154584,33007,3026,0.480170873,15849,9.455871442,9.982714543,16719.56202,12783,21649,133.87,4.9043113515,4.8870657456
0.000698263,8,0.026533997,304,0.586279131,6717,0.000698019,0.026188076,0.001395552,-0.953294709,9.201038596,5072,0.442698787,Leimert Park,958,0.001396526,16,8.007869407,9.331312814,269.12,400.39,5.9949335232,,0.385468921,2.0154,2.079133333,1.146466667,2.115566667,1.156406764,11457,684,0.140089029,1605,8.960596139,9.599066156,9907.413513,7790,14751,131.27,4.884845288,6.9438243113
0.010859433,233,0.017943699,385,0.51309657,11009,0.010800893,0.017784611,0,-1.416439919,9.780761613,11019,0.51356264,Lennox,10724,0,0,8.629828368,10.59578545,314.97,452.49,6.1169732186,,0.242576072,3.1762,2.00362,1.86918,2.9705,1.212880359,21456,549,0.416247204,8931,10.46224583,11.03526056,17690.12075,34970,62023,137.52,4.9310147195,8.3909842668
0.01931385,76,0.011689962,46,0.505209657,1988,0.019129705,0.011622162,0,-1.411817318,5.103995738,1916,0.486912325,Leona Valley,99,0,0,17.60180049,6.988299288,57.11,171.33,5.1494112433,,0.2437,1.141,1.889,0.2428,0.2437,23.89502845,3935,89,0.858958069,3380,10.93203497,11.47834437,164.678607,55940,96601,114.22,4.7468433443,12.862185217
0.006277161,156,0.264686947,6578,0.495251891,12308,0.006257542,0.234824619,0.001085842,-1.16018248,9.489116524,12655,0.50921455,Lincoln Heights,8889,0.001086432,27,6.904054724,5.513084585,490.84,858.97,6.7568975049,,0.313428981,3.296966667,2.423433333,1.8473,3.157983333,1.880573883,24852,480,0.351762434,8742,10.0637339,10.95073637,13215.11493,23476,56996,368.13,5.9111488855,8.4616721875
0.001967461,26,0.150132425,1984,0.505788876,6684,0.001965528,0.139877088,0.002645004,-0.856071129,9.246566668,6174,0.467196368,Lomita,1482,0.002648505,35,3.902711771,2.288360303,202.61,250.86,5.5288733776,,0.424827902,1.592066667,1.833566667,0.780866667,2.804733333,1.274483705,13215,1183,0.592130155,7825,10.89642333,11.52750688,10368.90464,53982.93893,101468.8244,48.25,3.8969093676,3.4861140081
0.000764634,27,0.129534706,4574,0.513579338,18135,0.000764342,0.121805783,0.001188724,-1.335686376,9.322729537,18305,0.518393702,Los Feliz,2897,0.001189431,42,1.326367706,0.255726919,194.37,249.91,5.5250943091,,0.262977612,1.34055,1.171866667,0.596616667,2.044266667,3.15573134,35311,1607,0.747727337,26403,10.89536802,11.63269763,11189.48231,53926,112724,55.54,4.0349483523,1.0119121181
0,0,0.041050449,297,0.489288182,3540,0,0.040230251,0,1.832360506,7.054325133,3655,0.505183138,Malibu,93,0,0,-6.76308216,-3.102207701,246.89,293.19,5.6842258171,,6.248619169,0.4054,1.9748,0.0963,2.6527,6.248619169,7235,473,0.864547339,6255,10.33922318,10.98566553,1157.855809,30922,59022,46.3,3.8565102955,-2.708351236
0.006153145,54,0.007064722,62,0.572698268,5026,0.006134292,0.007039884,0.003526137,-0.97005853,9.356687353,3540,0.403372835,Manchester Square,619,0.003532361,31,12.24265471,10.703569,199.16,304.59,5.7222443342,,0.379060851,2.61685,2.62415,1.4003,2.2922,0.758121701,8776,365,0.131836828,1157,10.89642333,11.52750688,11575.97783,53982.93893,101468.8244,105.43,4.6674874921,9.5718955985
0.006915357,246,0.095999775,3415,0.511933208,18211,0.006891556,0.091666983,0.000196759,-0.70896353,9.108864191,17362,0.488066792,Manhattan Beach,650,0.000196778,7,0.16600225,1.24163469,197.23,222.23,5.4082026301,,0.492154036,0.5400125,1.67725,0.1703875,1.0277875,3.937232286,35573,2246,0.805779664,28664,10.25646567,10.84521209,9035.026998,28466,51288,25,3.258096538,-0.329567541
0.029316657,1097,0.131002966,4902,0.493465886,18465,0.028895142,0.12310482,0.001575497,-1.252809872,9.480158654,19084,0.510008285,Mar Vista,4208,0.001576739,59,1.9354103,1.004060767,150.69,195.43,5.2803061337,,0.285700885,1.59592,1.36199,0.8887,2.29728,2.857008853,37419,2248,0.630695636,23600,9.331849789,9.939481913,13097.26428,11292,20733,44.74,3.8229731886,2.2645250159
0,0,0.081465561,796,0.465459011,4548,0,0.078317122,0,-0.153543528,9.340717622,5234,0.535666769,Marina del Rey,410,0,0,-7.006606759,-2.562319041,138.14,159.39,5.0776083493,,0.857663431,0.928,0.8222,0.4017,1.3922,0.857663431,9771,245,0.788455634,7704,10.89642333,11.52750688,11392.58087,53982.93893,101468.8244,21.25,3.1023420086,-5.180726356
0.001416019,39,0.000980321,27,0.500835088,13794,0.001415017,0.000979841,0,-1.734966624,10.01252387,13878,0.503884976,Maywood,4646,0,0,9.75241756,9.860644097,356.52,1087.38,6.9924456311,10,0.176406088,3.369757143,2.046442857,1.919528571,2.491485714,1.234842615,27542,241,0.821145886,22616,9.214531577,9.779283949,22304.05694,10042,17664,730.86,6.5955892388,10.441737734
0.010918838,554,0.059068154,2997,0.534451496,27117,0.010859658,0.057389421,0.000886516,-1.36835079,9.563723876,25291,0.498462691,Mid-City,10628,0.000886909,45,5.207517302,5.554782431,286.09,771.79,6.6500073429,,0.254526381,2.208535714,1.497314286,1.306857143,2.788421429,3.563369336,50738,1929,0.444676574,22562,9.917587677,10.57275179,14238.77101,20284,39056,485.7,6.1876479168,5.8569635691
0.007812907,150,0.100890671,1937,0.486275327,9336,0.007782544,0.096119553,0,-0.434633736,8.687809298,9427,0.491015157,Mission Hills,5120,0,0,4.870811492,5.977136734,410.38,679.82,6.523297954,,0.64750178,2.2287,2.13132,1.3617,2.41716,3.237508898,19199,566,0.554508047,10646,9.60008252,10.17313294,5930.176752,14766,26190,269.44,5.6000502622,6.3876511897
0.003203709,123,0.151824551,5829,0.551090042,21158,0.003198588,0.141347251,0.001899583,0.769227935,7.706960954,20407,0.531529185,Monrovia,3172,0.001901388,73,-1.65052472,-1.867628913,631.35,958.63,6.8665477935,,2.158099417,1.5743625,1.7783875,0.8805125,2.027325,17.26479533,38393,2307,0.706821556,27137,9.331849789,10.06513861,2223.773828,11292,23509,327.28,5.7938669028,1.7952885616
0.01098919,674,0.110902777,6802,0.511258213,31357,0.010929248,0.105172997,0.000635671,-0.592007968,8.977023952,29923,0.487877652,Montebello,11649,0.000635873,39,7.105618409,6.035944325,340.19,658.64,6.4916942317,,0.55321533,2.539492857,2.379035714,1.653257143,2.454714286,7.745014614,61333,1498,0.649389399,39829,11.47533782,12.09717811,7919.029602,96311,179365,318.45,5.766600767,7.2985462588
0.006571561,439,0.633639208,42329,0.52994626,35402,0.006550062,0.490810169,0.004272107,-0.59611444,8.933028987,32494,0.486415281,Monterey Park,10566,0.004281245,286,4.874498553,-0.043322276,178.28,269.83,5.6014913178,,0.550948225,2.1485875,1.90454375,1.77966875,2.2747875,8.815171595,66803,1711,0.181952906,12155,10.58832531,11.22441638,7578.184869,39669,74938,91.55,4.527749039,4.4400487668
0.001328111,79,0.125750214,7480,0.485903535,28903,0.00132723,0.11844967,0.001159323,-1.050599827,9.404988334,28483,0.478842695,North Hills,19926,0.001159995,69,6.982390824,7.045353427,440.11,787.66,6.6703353027,,0.34972791,2.659957143,2.070914286,1.477964286,2.688457143,4.896190737,59483,1670,0.44254661,26324,10.41834504,11.02750765,12148.83226,33468,61544,347.55,5.8537816919,7.6489154112
0.003629716,276,0.078249319,5950,0.506148161,38487,0.003623144,0.075338725,0.002049477,-1.362430865,9.510390058,40295,0.529925433,North Hollywood,17163,0.002051579,156,5.198353644,4.799797959,330.87,484.74,6.1856735013,,0.256037627,2.485404545,1.419209091,1.291813636,2.692186364,5.632827792,76039,2522,0.628900959,47821,10.99097148,11.58379391,13499.25878,59336,107344,153.87,5.0425860553,5.3575790861
0.003099174,9,0.170454545,495,0.55268595,1605,0.003094381,0.157392173,0,1.231339088,6.742505288,1663,0.572658402,North Whittier,450,0,0,-4.982166531,-3.37287577,83.73,143.54,4.9735562859,,3.425813934,0.932,1.3205,0.9818,0.7623,3.425813934,2904,181,0.725895317,2108,10.31556409,11.05953507,847.6817644,30199,63547,59.81,4.1077542491,-2.840731428
0.002456547,159,0.15989185,10349,0.48825029,31602,0.002453535,0.148326768,0.002992813,-0.475537846,8.914383322,31782,0.491031286,Northridge,9413,0.002997296,194,2.223089353,2.034031834,316.63,507.19,6.2308553934,,0.621550668,1.879007143,1.766635714,1.004985714,2.578035714,8.701709345,64725,2744,0.540687524,34996,9.725914703,10.34926252,7438.193743,16746,31234,190.56,5.2552010755,3.9503075329
0.006628283,708,0.134288255,14344,0.504049057,53840,0.006606413,0.126005366,0.003308661,-0.590029086,9.077840277,53302,0.499012311,Norwalk,25576,0.003314141,354,4.914146619,4.081339665,243.44,446.01,6.1025809657,,0.554311162,2.35305,1.8182,1.513427273,2.601690909,12.19484557,106815,3120,0.547086083,58437,11.43866517,11.97966753,8759.028509,92843,159479,202.57,5.3160099261,5.2643207117
0.001194349,29,0.051892426,1260,0.53910465,13090,0.001193636,0.050590852,0.0000824,1.241021788,6.910517493,11813,0.486512088,Pacific Palisades,80,0.0000824,2,-2.463598836,-1.727837643,187.87,267.72,5.5936699453,,3.459146175,0.535857143,2.0169,0.164785714,1.182357143,24.21402323,24281,1314,0.900786623,21872,7.724004657,8.38526052,1002.766032,2262,4382,79.85,4.392595586,0.3855302435
0.006809922,534,0.030937958,2426,0.483096346,37882,0.006786839,0.030469027,0.000548214,-1.039221629,9.364553165,37689,0.480635083,Pacoima,21963,0.000548364,43,8.888515248,9.12468313,574.18,1017.16,6.9257523557,10,0.353729908,3.072342105,2.289084211,1.848736842,2.501878947,6.720868246,78415,1302,0.586150609,45963,10.95574172,11.54625385,11667.39134,57282,103389,442.98,6.0957795164,9.1718751129
0.007094216,1197,0.042778657,7218,0.500340783,84422,0.00706917,0.041888936,0.001439143,1.411123623,7.128417972,83667,0.495866152,Palmdale,56285,0.001440179,243,3.264299153,3.637915628,793.99,958.18,6.8660787528,,4.100560301,2.739893939,2.326954545,1.283869697,1.847654545,135.3184899,168729,8791,0.430826947,72693,11.24795681,11.83726728,1246.90277,76723,138312,164.19,5.1070963266,5.5536794694
0.004643418,198,0.249102976,10622,0.499120565,21283,0.004632671,0.222425675,0.004282461,-1.713436994,9.976113232,22773,0.53406346,Palms,2301,0.004291644,183,-1.562750946,-2.794713605,355.54,430.75,6.067846717,,0.180245225,1.326281818,0.514654545,0.759690909,2.561218182,1.982697476,42641,2296,0.5849769,24944,9.6152053,10.30995216,21506.55888,14991,30030,75.21,4.3334926877,-0.603288997
0.001626858,22,0.205575686,2780,0.516527398,6985,0.001625536,0.186957201,0.000665312,0.46457367,7.94896126,6597,0.487835539,Palos Verdes Estates,141,0.000665533,9,-1.723090779,-1.077201612,295.81,310.6,5.741720314,,1.59133561,0.424933333,1.920633333,0.4732,1.070066667,4.774006829,13523,704,0.720032537,9737,10.89642333,11.52750688,2832.631055,53982.93893,101468.8244,14.79,2.7593768283,-1.649767459
0.004801854,344,0.161322743,11557,0.523778947,37523,0.004790362,0.149559651,0.000837182,-1.531198716,9.820221856,35967,0.502058934,Panorama City,23308,0.000837533,60,10.4266236,9.005893926,619.27,1071.1,6.9773746209,10,0.216276258,3.173344444,2.343783333,1.742238889,2.78045,3.892972642,71639,1121,0.491575818,35216,10.84003179,11.45059251,18402.13292,51023,93957,451.83,6.1155167791,10.238409004
0.008248353,402,0.026119786,1273,0.499825595,24360,0.008214521,0.02578449,0.007827789,-0.80239792,9.294006601,24385,0.500338552,Paramount,13864,0.007858506,383,6.593908593,5.469293237,324.87,642.59,6.4670618774,,0.4482528,2.89157,2.14244,1.6648,3.13961,4.482528002,48737,1258,0.548474465,26731,10.89642333,11.52750688,10872.65935,53982.93893,101468.8244,317.72,5.7643129744,7.5740171277
0.009262128,598,0.027414658,1770,0.515411065,33277,0.009219498,0.027045606,0.000495509,-0.482307638,8.99277054,31784,0.492286723,Pico Rivera,25224,0.000495632,32,4.75158044,6.362927659,420.01,843.13,6.7383065112,,0.61735711,2.341992308,2.062630769,1.599484615,2.525153846,8.025642427,64564,1403,0.547565207,35353,10.95166583,11.59634707,8044.71425,57049,108700,423.12,6.0500164341,5.7642201296
0.009984247,450,0.110869517,4997,0.481972887,21723,0.009934734,0.105143057,0.000621049,-2.073796163,10.15073313,22346,0.495795523,Pico-Union,25083,0.000621242,28,11.0606116,11.41139277,905.79,1393.34,7.240176464,10,0.125707668,3.384985714,2.134578571,1.9242,3.495214286,1.759907357,45071,842,0.250715538,11300,10.89642333,11.52750688,25609.87078,53982.93893,101468.8244,487.55,6.1914418204,10.946576328
0.003453203,29,0.09573708,804,0.482495832,4052,0.003447254,0.091427269,0,-0.886954093,9.229555775,4320,0.514408192,Playa del Rey,649,0,0,-2.607514604,0.14911184,31.29,93.87,4.5525075334,,0.411908479,0.526,1.07835,0.2423,1.2313,0.823816957,8398,423,0.713503215,5992,10.89642333,11.52750688,10194.01207,53982.93893,101468.8244,62.58,4.1522989555,-2.27683404
0.00173598,23,0.238659521,3162,0.454675825,6024,0.001734475,0.214029763,0.001734475,-0.387339249,9.185869425,5674,0.428258737,Playa Vista,399,0.00173598,23,-4.240718622,-4.312431662,182.7,237.51,5.4744112382,,0.678860753,0.89815,1.1213,0.60215,1.47025,1.357721506,13249,613,0.479960752,6359,8.18729927,8.995784838,9758.260395,3595,8069,54.81,4.0219530648,-2.406013282
0.016041568,2263,0.100013468,14109,0.545363682,76935,0.015914262,0.095322423,0.003756996,-0.444814328,8.867845713,75418,0.534610232,Pomona,29953,0.003764062,531,5.971649484,3.389733436,224.75,487,6.1903154059,,0.64094327,2.919548387,2.002441935,1.574412903,2.600248387,19.86924136,141071,6274,0.631759894,89123,11.474538,12.11903218,7099.969117,96234,183328,262.25,5.573104151,6.6594072155
0.00124977,34,0.300202169,8167,0.513655578,13974,0.00124899,0.262519767,0.005535103,-0.162262811,8.42750872,13988,0.514170189,Porter Ranch,1026,0.00555045,151,0.619977556,-0.830470654,182.65,258.51,5.5587952375,,0.850217729,0.924757143,1.736642857,0.801014286,0.796928571,5.951524105,27205,1198,0.61183606,16645,11.77755639,12.33858665,4571.098011,130295,228339,75.86,4.3419855851,0.3440424455
0.004130043,39,0.029439797,278,0.500476543,4726,0.004121538,0.029014768,0,0.558974531,7.900907294,4679,0.495499312,Quartz Hill,506,0,0,2.018695179,5.594396172,224.7,356.42,5.8789115609,,1.74887816,1.58565,2.24085,0.4942,2.08065,3.497756319,9443,238,0.810441597,7653,3.465735903,3.713572067,2699.730667,32,41,131.72,4.8882416459,6.6174479584
0,0,0.085816448,288,0.515196663,1729,0,0.082332191,0,1.167846549,6.950658519,1498,0.44636472,Rancho Dominguez,524,0,0,3.467814911,1.1310127,450.96,676.44,6.5183209879,,3.215061701,2.2862,1.8004,1.1243,2.5275,3.215061701,3356,123,0.423420739,1421,10.40426284,11.02235988,1043.836888,33000,61228,225.48,5.4226566408,5.2884301512
0,0,0.297124769,11264,0.523582168,19849,0,0.260150099,0.005733991,0.495213345,7.968315322,17943,0.473305197,Rancho Palos Verdes,661,0.005750462,218,-0.952615697,-2.875657642,175.45,224.58,5.4186748632,,1.640848268,0.5884125,1.932,0.7243375,1.5905375,13.12678615,37910,2240,0.59741493,22648,10.89642333,11.52750688,2887.987934,53982.93893,101468.8244,49.13,3.9146196313,-0.513654184
0,0,0.248,620,0.5284,1321,0,0.22154227,0.021370026,-1.169347126,8.993393137,1250,0.5,Rancho Park,56,0.0216,54,3.993078072,-4.871786011,182.93,274.39,5.6181882748,,0.310569638,1.2041,1.5905,0.5561,2.1493,0.310569638,2500,121,0.6736,1684,10.89642333,11.52750688,8049.724423,53982.93893,101468.8244,91.46,4.5267761186,3.2857755864
0.003604136,244,0.125745938,8513,0.495391433,33538,0.003597657,0.118445872,0.0007678,-0.740684382,9.298576483,34126,0.504076809,Redondo Beach,3221,0.000768095,52,-1.139801752,0.915904871,174.68,208.16,5.3430995093,,0.476787499,0.706338462,1.453492308,0.373915385,1.764676923,6.198237492,67700,4271,0.728700148,49333,10.47152492,11.05035018,10922.45983,35296,62966,33.48,3.5403794458,-0.83804849
0.003966792,280,0.116666194,8235,0.499716658,35273,0.003958945,0.110347634,0.002702265,-0.843250239,9.442887984,34408,0.487462103,Reseda Ranch,8505,0.002705919,191,5.732383976,4.557117127,496.12,647.11,6.474060435,,0.430309639,2.491338462,2.064053846,1.386323077,2.730915385,5.594025312,70586,2587,0.662581815,46769,10.78603534,11.3823497,12618.10522,48341,87759,150.99,5.0238147292,6.16821311
0.001840491,3,0.182822086,298,0.525766871,857,0.001838799,0.167903181,0,1.095816284,6.30051901,903,0.55398773,Rolling Hills,22,0,0,-0.684638978,-0.73335043,103.09,103.09,4.6452559095,0,2.991623702,0.6206,2.0446,0.2948,0.426,2.991623702,1630,106,0.809202454,1319,10.89642333,11.52750688,544.8546216,53982.93893,101468.8244,0,0,-1.603619055
0.005209029,78,0.223787899,3351,0.543208228,8134,0.005195509,0.201950884,0,0.011438176,8.216338105,7247,0.483972219,Rolling Hills Estates,959,0,0,1.323005859,0.841738649,160.24,172.56,5.1565233609,0,1.011503842,0.91005,2.0843,0.695425,1.36935,4.046015369,14974,1016,0.623614265,9338,9.914180182,10.59515864,3700.925141,20215,39941,12.32,2.5892666651,0.7346730067
0.006396075,292,0.612708913,27972,0.50406326,23012,0.006375707,0.47791532,0.002406582,-0.990149044,9.321078371,22972,0.503187085,Rosemead,8600,0.00240948,110,6.286720048,1.976737661,101.17,218.61,5.3918532459,,0.371521314,2.750136364,1.901818182,1.875027273,2.5462,4.086734458,45653,539,0.182748122,8343,10.74776658,11.3738358,11171.02187,46526,87015,117.44,4.7744065032,6.0638297421
0.004813226,230,0.602741446,28802,0.503128597,24042,0.004801679,0.471715567,0.001714549,0.262673255,8.113898534,23982,0.501872973,Rowland Heights,5289,0.00171602,82,0.963630867,-2.100160946,141.12,276.35,5.6252802465,,1.30040175,1.806090909,1.485254545,1.672781818,1.988563636,14.30441925,47785,1433,0.244742074,11695,11.27592383,11.83175731,3340.576025,78899,137552,135.23,4.9143446338,1.7658458661
0.00699197,283,0.140259419,5677,0.5401853,21864,0.00696764,0.131255797,0.001086501,0.774074383,7.754923854,19083,0.47147622,San Dimas,4301,0.001087091,44,0.232090561,-1.04377738,107.2,179.63,5.1964507401,,2.16858392,1.347075,1.9498,0.754125,2.235875,17.34867136,40475,2634,0.665546634,26938,9.189423124,9.83027149,2333.031686,9793,18588,72.43,4.2963325715,1.9298012202
0.00469292,138,0.01009998,297,0.4903081,14418,0.004681943,0.010049316,0.007251073,-0.567306272,9.246822374,14770,0.502278447,San Fernando,9434,0.007277426,214,6.039267866,6.492746949,556.64,788.23,6.6710577866,,0.567050864,2.84756,2.22148,1.76452,2.39048,2.835254321,29406,780,0.600115623,17647,10.99847662,11.55880664,10371.55637,59783,104695,231.59,5.4492772469,6.8756665728
0.001587194,70,0.60435798,26654,0.515180373,22721,0.001585936,0.472723664,0.003711671,-0.711411474,9.208469984,20956,0.47516042,San Gabriel,6325,0.003718568,164,2.501386883,-1.810801171,139.18,341.85,5.8372930337,,0.490950744,2.052355556,1.601711111,1.628633333,2.249922222,4.418556693,44103,766,0.212298483,9363,9.728240909,10.46144482,9981.313597,16785,34942,202.67,5.316501037,3.2407139692
0,0,0.549567181,7301,0.501242002,6659,0,0.437975654,0.001729779,0.63267408,8.168569598,6665,0.501693639,San Marino,500,0.001731276,23,-3.636649875,-3.124088766,135.57,173.23,5.1603762654,,1.882638179,0.65395,1.8416,1.0587,1.69605,3.765276357,13285,350,0.375084682,4983,10.89642333,11.52750688,3528.293474,53982.93893,101468.8244,37.66,3.6548054738,-2.346879154
0,0,0.25788002,2029,0.477249619,3755,0,0.22942778,0.002285135,-0.693377005,8.970789004,3739,0.475216065,San Pasqual,805,0.002287748,18,0.239873677,0.415077883,0,49.14,3.9148190927,0,0.499885101,0.94415,1.4641,0.9338,2.6625,0.999770202,7868,318,0.478393493,3764,10.89642333,11.52750688,7869.808466,53982.93893,101468.8244,49.14,3.9148190927,0.1373937906
0.005766977,1117,0.107961732,20911,0.50871242,98532,0.005750412,0.10252205,0.000758661,0.449764478,8.010672514,96481,0.49812328,Santa Clarita,14439,0.000758949,147,1.09087152,1.012626467,230.01,350.23,5.8614412795,,1.567942857,1.391134146,1.904034146,0.670246341,1.876614634,64.28565713,193689,11816,0.715600783,138604,11.42376633,11.96639948,3012.942679,91470,157377,120.22,4.7976070765,2.2347117065
0.018509498,304,0.071176327,1169,0.506941062,8326,0.018340282,0.068757416,0,0.519895382,8.087991288,7742,0.471383341,Santa Fe Springs,3782,0,0,2.656762771,2.552479816,190.59,397.52,5.9877576852,,1.681851689,1.9879,2.200766667,1.3239,2.693733333,5.045555066,16424,558,0.587676571,9652,10.89642333,11.52750688,3255.142355,53982.93893,101468.8244,206.93,5.3372014846,4.2535934198
0.004800278,442,0.100458307,9250,0.511207889,47071,0.004788793,0.095726736,0.000987805,-0.814423101,9.300375445,45176,0.490627511,Santa Monica,2265,0.000988293,91,1.052955451,0.390085215,229.32,303.96,5.7201806205,,0.442894759,1.226,1.520505263,0.519594737,2.288221053,8.415000426,92078,4510,0.78128326,71939,11.17271425,11.83548711,10942.1266,71162,138066,74.64,4.3259852438,1.207826012
0.001362914,18,0.090255168,1192,0.487165897,6434,0.001361986,0.086411768,0.002117844,0.854261112,7.024803246,6101,0.461951995,Shadow Hills,367,0.002120088,28,-1.581235305,-5.143107499,202.61,270.15,5.6026721733,,2.34963762,1.23862,1.36958,0.4886,1.4353,11.7481881,13207,369,0.791398501,10452,10.31168227,11.10040553,1124.173352,30082,66198,67.54,4.2274175164,-0.022312867
0.002856521,210,0.076731596,5641,0.502448447,36938,0.002852449,0.073930153,0.000475974,-0.674794859,8.989681449,35199,0.478793732,Sherman Oaks,1806,0.000476087,35,1.16371193,0.518099004,209.73,273.91,5.6164437714,,0.50926088,1.126261111,1.411594444,0.426322222,1.797911111,9.166695846,73516,3310,0.777857881,57185,11.03018507,11.65220903,8019.901744,61709,114945,64.18,4.1771526734,1.0324161721
0.001361316,24,0.187748157,3310,0.458252978,8079,0.00136039,0.172059209,0.002436054,0.243115182,8.435629805,7414,0.420533182,Sierra Madre,600,0.002439024,43,-2.818582223,-3.011365787,63.7,109.2,4.7022968967,,1.275215498,0.8094,1.6841,0.500033333,1.126366667,3.825646493,17630,646,0.607487238,10710,7.73587032,8.455743229,4608.37143,2289,4702,45.5,3.8394523126,-0.981996528
0.003156471,21,0.201863821,1343,0.533744176,3551,0.0031515,0.183873536,0.009722611,0.134117161,8.668705999,3302,0.496317451,Signal Hill,291,0.009770029,65,1.06349654,-3.711914432,110.2,288.21,5.6671530678,,1.143526788,2.2924,1.4675,1.1765,3.1594,1.143526788,6653,358,0.586051405,3899,9.837240907,10.47734431,5817.966024,18718,35502,178.01,5.1874416702,3.2180753724
0.006235828,143,0.11965812,2744,0.500828537,11485,0.006216466,0.113023389,0,-0.879609042,9.128138166,11523,0.50248561,South El Monte,4818,0,0,8.04265773,7.078836831,326.89,881.4,6.7826454679,,0.414945106,3.003283333,2.2809,1.8368,2.5952,2.489670638,22932,385,0.650052329,14907,10.89642333,11.52750688,9210.85691,53982.93893,101468.8244,554.51,6.3198866107,8.7817383125
0.004346845,424,0.005341289,521,0.506653544,49420,0.004337425,0.005327075,0.001178285,-1.04594203,9.489457927,47960,0.491685633,South Gate,36561,0.001178979,115,9.50812307,9.824633169,327.03,686.67,6.5333090717,,0.351360671,3.268242857,2.233204762,1.861366667,2.213152381,7.378574086,97542,1906,0.582559308,56824,11.14041146,11.69207533,13219.62738,68900,119620,359.64,5.8878802309,9.2793165882
0.011259985,437,0.00224169,87,0.490363308,19031,0.011197063,0.002239181,0.003318374,-1.633362543,10.12035423,18366,0.473228549,South Park,20788,0.003323886,129,10.32628828,10.99842263,479.44,1082.69,6.9881271632,10,0.195271859,3.4605,2.2070375,1.9395625,2.7425875,1.562174869,38810,575,0.27853646,10810,10.89642333,11.52750688,24843.56955,53982.93893,101468.8244,603.25,6.4039880196,10.240286578
0.000542131,14,0.298133519,7699,0.513282218,13255,0.000541984,0.260927478,0.001315739,-0.3837215,8.933343158,12681,0.491054833,South Pasadena,1483,0.001316605,34,-2.419770219,-0.75888095,403.02,495.14,6.206858145,,0.681321149,0.94634,1.7465,0.80528,1.63384,3.406605746,25824,1962,0.542983271,14022,6.242223265,6.997595983,7580.56609,514,1094,92.12,4.533888984,0.4637799595
0.001709715,28,0.551260915,9028,0.511143677,8371,0.001708255,0.439068094,0.0005494,-0.2902633,8.895284201,7732,0.472125542,South San Gabriel,3011,0.000549551,9,4.012138281,0.2431125,237.34,440.78,6.0908120206,,0.748066576,2.472666667,1.719,1.869166667,3.062933333,2.244199728,16377,477,0.213897539,3503,10.89642333,11.52750688,7297.478828,53982.93893,101468.8244,203.44,5.3202745339,4.7278453562
0.006799737,434,0.042396516,2706,0.502052455,32044,0.006776723,0.041522405,0.001581176,-0.628702458,9.127669009,30765,0.482013599,South Whittier,22206,0.001582427,101,4.63979566,5.786674083,148.59,278.61,5.6333957751,,0.53328331,2.230569231,1.985823077,1.395484615,2.438469231,6.932683034,63826,2570,0.534594053,34121,10.55901074,11.18046915,9206.536587,38523,71716,130.02,4.8753499833,4.9619705753
0.001236705,10,0.029186248,236,0.468216671,3786,0.001235941,0.02876844,0.005795688,0.460884047,3.84227772,3776,0.466979965,Southeast Antelope Valley,1758,0.005812515,47,15.39020556,6.06138264,0,0,0,,1.585475,2.149975,2.5202,0.879,1.585475,173.4018496,8086,334,0.610314123,4935,8.369620827,8.955060951,46.6315672,4314,7747,0,0,11.324420457
0.00167252,10,0.210737582,1260,0.536377321,3207,0.001671123,0.191229746,0,0.360849066,8.335159543,2960,0.495066065,Stevenson Ranch,47,0,0,-0.223263918,-2.182773053,114.47,162.17,5.0947926021,,1.434546923,1.4371,1.6133,0.488,0.424,1.434546923,5979,275,0.732898478,4382,10.89642333,11.52750688,4167.866456,53982.93893,101468.8244,47.7,3.8856790301,-0.010018039
0.001610751,70,0.068986148,2998,0.5105159,22186,0.001609455,0.066710674,0.002160672,-0.401826678,8.884152334,20454,0.470661328,Studio City,889,0.002163008,94,-1.016543085,-2.543668002,280.75,365.42,5.9037802165,,0.669096705,1.1767,1.1819,0.3277,1.987455556,6.021870344,43458,1860,0.781720282,33972,9.605418387,10.3118817,7216.694734,14845,30088,84.67,4.450502706,0.2076714912
0.008895551,635,0.065953155,4708,0.524991595,37476,0.008856219,0.06386938,0.000196103,-0.645473781,8.825570541,35938,0.50344615,Sun Valley,14243,0.000196122,14,6.882614162,4.84103755,377.27,617.34,6.427038468,,0.524414026,2.77525,1.96698,1.52194,2.75949,10.48828052,71384,1617,0.706054578,50401,11.15665044,11.8014297,6806.072726,70028,133443,240.07,5.4850873477,7.2247132538
0.00889537,122,0.093547211,1283,0.519066715,7119,0.008856039,0.089426734,0.019280664,-0.297318726,8.72495184,6789,0.495005468,Sunland,464,0.019467736,267,1.572451398,-4.335315063,543.9,784.01,6.6656964566,,0.742807223,1.684166667,1.891066667,0.808066667,1.715533333,2.22842167,13715,552,0.797083485,10932,8.38935982,9.059750013,6154.580251,4400,8602,240.11,5.4852532609,3.7639522216
0.00084055,33,0.066046867,2593,0.505680082,19853,0.000840197,0.06395729,0,-0.075893584,8.351269959,18757,0.477763627,Tarzana,2981,0,0,2.054753085,2.43213765,304.44,566.78,6.3417340197,,0.92691484,1.42872,2.12026,0.69493,1.77086,9.269148397,39260,1623,0.755374427,29656,10.14108612,10.85003587,4235.556312,25364,51536,262.34,5.5734459729,3.5558783858
0.001685998,58,0.580709863,19977,0.544460917,18730,0.001684578,0.457874027,0.003424264,-0.640364373,9.140295137,16315,0.474259469,Temple City,5193,0.003430133,118,3.759448156,-0.597203628,241.39,449.87,6.1111790496,,0.527100328,1.864071429,1.901285714,1.568485714,2.304042857,3.689702296,34401,828,0.245719601,8453,10.57974287,11.30017769,9323.516436,39330,80836,208.48,5.3446282694,3.8118605031
0.00637062,68,0.077009556,822,0.477515458,5097,0.006350413,0.074188271,0.004580089,-0.865681526,9.042635393,5152,0.482668166,Toluca Lake,222,0.004590594,49,-0.701174628,-3.04364023,160.85,229.78,5.4414648758,,0.420764693,1.5657,1.218133333,0.5172,2.004666667,1.26229408,10674,513,0.750702642,8013,8.829958044,9.686636661,8456.032686,6836,16101,68.93,4.2474947417,0.8177907828
0.004221542,618,0.345421881,50567,0.512493852,75025,0.004212656,0.29670763,0.005293631,-0.414706005,8.874762034,72282,0.493756489,Torrance,7475,0.005307667,777,0.608702138,-1.771214974,217.06,262.61,5.5744707382,,0.660534446,1.069254839,1.705680645,0.882290323,2.309258065,20.47656783,146392,9752,0.507623367,74312,11.67127019,12.32044989,7149.244991,117157,224235,45.55,3.8405270037,0.4761920733
0.002412307,61,0.071024637,1796,0.51730138,13081,0.002409402,0.068615795,0.000118631,0.430809012,7.761326547,12355,0.488590976,Tujunga,3465,0.000118638,3,3.50116228,2.508676929,334.41,445.88,6.1022901022,,1.538501687,1.8826,2.172957143,0.801642857,2.226671429,10.76951181,25287,864,0.740182703,18717,10.33133366,10.94312802,2348.017296,30679,56564,111.47,4.7226865194,4.8214053118
0.003595843,91,0.28588928,7235,0.515628087,13049,0.003589393,0.251450526,0.002289234,-1.732185828,9.925111997,12315,0.486624254,University Park,5552,0.002291856,58,5.381124529,-1.534849897,407.93,772.14,6.6504601447,,0.17689732,3.165285714,0.922714286,1.179114286,3.719614286,1.238281238,25307,1032,0.385229383,9749,10.52583666,11.38730555,20437.19894,37266,88195,364.21,5.9004725306,6.1937030032
0.006071185,80,0.234195947,3086,0.602716855,7942,0.00605283,0.210419703,0,-0.886815533,9.274431409,8159,0.619184943,Valinda,6409,0,0,3.42797861,7.456109874,158.32,402.21,5.999457518,,0.411965557,2.0294,1.871866667,1.436066667,1.819233333,1.235896671,13177,481,0.441830462,5822,9.748236267,10.26566234,10661.89457,17124,28729,243.89,5.5008091301,4.509510783
0.005118984,316,0.056762405,3504,0.502518994,31021,0.005105927,0.055209899,0.001068584,-1.141979523,9.464470835,30552,0.494921514,Valley Glen,11566,0.001069155,66,5.707470684,5.056721283,336.49,453.09,6.1182954163,,0.319186559,2.451013333,1.930873333,1.170373333,2.811566667,4.787798391,61731,2016,0.662130858,40874,10.64804052,11.3382506,12893.40005,42110,83973,116.6,4.7672890355,5.9372943345
0.007034555,148,0.055801131,1174,0.530728647,11166,0.007009928,0.054299845,0.003226881,-1.038229968,9.382925193,10746,0.510765721,Valley Village,1011,0.003232093,68,4.695153078,1.996975576,691.75,877.83,6.7785914774,,0.354080862,2.1867,1.6435,0.77242,2.43886,1.770404311,21039,1333,0.800085555,16833,10.96387863,11.60647956,11883.72615,57750,109807,186.08,5.2315363329,5.1173764596
0.004397643,474,0.072913671,7859,0.492480401,53082,0.004388002,0.070378005,0.000779025,-1.097812923,9.427610167,53945,0.500487081,Van Nuys,44946,0.000779329,84,7.5742696,8.357836923,506.47,812.28,6.7010754537,,0.333599895,2.947507692,1.933715385,1.524530769,2.892611538,8.673597261,107785,2069,0.434216264,46802,10.27718676,10.81390105,12426.79326,29062,49707,305.81,5.7262286635,8.3553014811
0.004287809,155,0.044482558,1608,0.485905558,17565,0.004278643,0.043521603,0.002100202,-1.257805408,9.3553147,18340,0.507344602,Venice,1334,0.002102409,76,0.654857598,1.317192308,165.26,200.68,5.3066822829,,0.284277215,1.031109091,1.252145455,0.4074,2.006681818,3.127049364,36149,1468,0.808957371,29243,10.31553098,10.94688659,11560.09893,30198,56777,35.42,3.5951180743,0.5688297581
0.00058214,15,0.009779951,252,0.505724376,13031,0.000581971,0.009732437,0.000271628,-1.456313366,9.821403781,11562,0.448713471,Vermont Knolls,8853,0.000271665,7,10.2731598,12.07697497,453.49,988.37,6.8970683769,10,0.233094025,3.06535,2.1741,1.75785,2.8521,1.398564147,25767,575,0.173632941,4474,10.89642333,11.52750688,18423.89572,53982.93893,101468.8244,534.88,6.2839102554,9.7849333417
0.003820006,177,0.011265782,522,0.481385562,22305,0.003812728,0.011202796,0.001681978,-1.384752111,9.931180428,21611,0.466407683,Vermont Square,19781,0.001683393,78,9.388651298,11.92065666,822.78,1123.16,7.0247913691,,0.25038586,3.330811111,2.343922222,1.867577778,3.040888889,2.25347274,46335,820,0.213618215,9898,10.03425262,10.6753766,20561.59774,22794,43277,300.38,5.708371927,9.8281939323
0.00230312,62,0.002005944,54,0.47076523,12673,0.002300472,0.002003935,0,-1.289665084,9.698530398,11475,0.426263001,Vermont Vista,9012,0,0,10.89423352,12.24197277,441.9,876.51,6.7770883513,,0.275362991,3.2576,2.5289,1.779133333,2.906833333,1.652177948,26920,609,0.252117385,6787,10.3570124,11.00771737,16293.64442,31477,60338,434.61,6.0767473476,10.815249298
0,0,0.288461538,15,0.846153846,44,0,0.2534489,0,1.573899093,2.377344626,44,0.846153846,Vernon,32,0,0,8.845848266,9.446939811,478.47,1435.41,7.2699022242,10,4.825426348,1.1065,2.3004,1.3057,0.8206,4.825426348,52,13,0.269230769,14,10.89642333,11.52750688,10.77624986,53982.93893,101468.8244,956.94,6.8647851455,9.6662896688
0.002191114,54,0.655548793,16156,0.495759789,12218,0.002188717,0.504132551,0,0.124511581,8.041907589,12246,0.496895922,Walnut,1650,0,0,-0.507786601,-1.963773427,98.26,160.49,5.0844432212,,1.132595137,1.171214286,1.512485714,1.478914286,1.103142857,7.928165958,24645,914,0.201582471,4968,10.89642333,11.52750688,3108.53735,53982.93893,101468.8244,62.23,4.1467788721,-0.361464648
0.004552825,73,0.01428215,229,0.482162904,7731,0.004542492,0.014181121,0.001869276,-1.67697754,9.973149923,8060,0.502681801,Walnut Park,4908,0.001871024,30,8.327808314,9.064953148,371.68,854.86,6.7521068114,,0.186938136,3.11615,1.9636,1.929475,2.016625,0.747752546,16034,273,0.639952601,10261,10.89642333,11.52750688,21442.92264,53982.93893,101468.8244,483.18,6.1824567384,8.2469899987
0.006011365,256,0.006833232,291,0.51758794,22042,0.005993369,0.006809991,0.002790449,-1.373761846,9.953601145,20209,0.474545625,Watts,13810,0.002794346,119,11.30184894,10.28418653,356.19,763.93,6.6397843264,,0.253152844,3.7409125,2.336425,1.83835,3.060425,2.025222751,42586,704,0.398018128,16950,10.89642333,11.52750688,21027.81039,53982.93893,101468.8244,407.74,6.0130792571,11.091511225
0.004220522,96,0.019212169,437,0.517057944,11761,0.004211641,0.019029946,0,-1.309967603,9.550352717,11368,0.499780181,West Adams,6027,0,0,8.241565824,10.19397495,550.13,868.62,6.7680563346,,0.269828798,2.850116667,1.9846,1.70065,2.714233333,1.61897279,22746,423,0.42917436,9762,10.25702759,10.83924752,14049.64935,28482,50983,318.49,5.7667259744,8.3896556508
0.003017261,68,0.315747438,7116,0.489728003,11037,0.003012718,0.274404898,0.004118056,-0.568342347,9.204961668,10892,0.483294139,West Carson,3381,0.004126547,93,3.076204411,2.4625773,357.69,470.89,6.1567459076,,0.566463661,1.89775,2.02695,1.37135,2.8388,2.265854645,22537,1076,0.332297999,7489,10.89642333,11.52750688,9946.357349,53982.93893,101468.8244,113.2,4.7379512972,3.8040369149
0.007347415,655,0.337756739,30110,0.579817605,51689,0.007320554,0.290994136,0.000863369,-0.79640511,9.058952865,50335,0.564629208,West Covina,26640,0.000863742,77,4.523451908,4.135945292,167.23,342.77,5.8399728291,,0.450947159,2.116008696,1.931356522,1.4633,2.245330435,10.37178467,89147,3994,0.411298193,36666,10.80362858,11.43300525,8595.145662,49199,92319,175.54,5.1735474796,4.7490759984
0.00691675,333,0.14149219,6812,0.518008475,24939,0.006892939,0.132336345,0.000311516,-0.166117831,8.550174356,22583,0.469071951,West Hills,2382,0.000311565,15,1.402056069,0.456181123,194.85,362.56,5.8959443453,0,0.846946432,1.176245455,1.854727273,0.627563636,1.476527273,9.316410757,48144,3004,0.696909272,33552,10.15034763,10.81055589,5167.655362,25600,49541,167.71,5.1281812646,2.1838381517
0.002336192,85,0.051451187,1872,0.411884345,14986,0.002333467,0.050171293,0.00087912,-1.31061022,9.866584467,20675,0.568244283,West Hollywood,1915,0.000879507,32,-3.40254726,2.862755731,400.53,503.37,6.2233101257,,0.269655457,1.125342857,1.280085714,0.515671429,2.312114286,1.887588199,36384,1967,0.77528584,28208,11.20421041,11.84462921,19275.39069,73439,139334,102.84,4.642851253,-0.977062835
0.0000507,1,0.170703283,3369,0.523307661,10328,0.0000507,0.157604665,0.001265919,-0.900728669,9.404633966,8951,0.453536684,West Los Angeles,295,0.001266721,25,-0.709737298,-0.44684557,170.05,220.53,5.4005580205,,0.406273513,0.8787,1.51735,0.51965,2.499975,1.625094052,19736,822,0.718737333,14185,4.927253685,5.613128106,12144.52787,138,274,50.48,3.9411933827,1.4927142096
0.007350427,172,0.086282051,2019,0.521880342,12212,0.007323544,0.082760903,0.002560821,-0.988046555,9.439099944,11462,0.48982906,West Puente Valley,9824,0.002564103,60,6.830440155,6.864463143,274.53,467.72,6.1500055752,,0.372303255,2.821,2.2946,1.72656,2.08166,1.861516275,23400,756,0.443675214,10382,10.35354354,11.11796994,12570.39775,31368,67371,193.19,5.2688370612,6.8852595707
0.002961054,131,0.135937253,6014,0.52783617,23352,0.002956679,0.127458084,0.001310142,0.059632439,8.152868151,21194,0.479057887,Westchester,2508,0.001311001,58,-0.782498081,-2.727182068,155.03,184.1,5.2208962196,,1.061446329,1.17615,1.303166667,0.560533333,1.453691667,12.73735594,44241,3086,0.60769422,26885,11.02157562,11.80348838,3473.326819,61180,133718,29.07,3.403527997,-0.87637156
0.013104191,1509,0.201903538,23250,0.462389496,53246,0.013019074,0.183906582,0.002367932,-2.377857001,10.63068526,58523,0.508215086,Westlake,46717,0.002370738,273,9.045318752,8.824476952,684.02,1297.28,7.1687955905,10,0.092749126,3.13989,1.945383333,1.81428,3.43486,2.782473791,115154,2235,0.285686993,32898,10.85997929,11.50355167,41385.47517,52051,99067,613.26,6.4204182913,9.4191274306
0.00234852,10,0.085251292,363,0.525364021,2237,0.002345767,0.081811566,0,-0.276854821,7.940262485,2093,0.491545326,Westlake Village,54,0,0,2.049234232,1.407575511,71.77,71.77,4.2873037824,0,0.758164559,0.7339,2.0416,0.30235,1.34005,1.516329118,4258,108,0.884452795,3766,9.455714972,10.1577421,2808.097496,12781,25790,0,0,0.1061901366
0.001265103,69,0.275334152,15017,0.521204232,28427,0.001264303,0.243208224,0.000714802,-1.251168268,9.592926901,25472,0.467024807,Westwood,1801,0.000715058,39,-3.050737439,-7.121520776,107.19,131.22,4.8844672019,,0.286170278,1.3821,1.024830769,0.536276923,2.325146154,3.720213619,54541,2750,0.6069379,33103,8.857088135,10.0866421,14660.71726,7024,24020,24.03,3.2200751054,-2.306460039
0.003576556,279,0.052225413,4074,0.518728848,40465,0.003570175,0.050907362,0.000422945,-0.161434303,8.535629209,38896,0.498615527,Whittier,26942,0.000423034,33,1.854800767,3.524498926,373.58,747.42,6.6179643177,,0.850922433,1.817444444,1.911711111,1.117627778,2.125366667,15.31660379,78008,2346,0.568069942,44314,10.45215794,11.18892513,5093.035053,34619,72325,373.84,5.9264992683,3.5973395613
0.000862317,3,0.18338603,638,0.458177637,1594,0.000861945,0.168379846,0,0.819204353,7.335295822,1716,0.493245185,Whittier Narrows,559,0,0,2.454738667,1.830993821,0,0,0,0,2.268694039,2.4705,2.0294,1.6788,2.812,2.268694039,3479,73,0.570566255,1985,10.89642333,11.52750688,1533.481351,53982.93893,101468.8244,0,0,1.2500988411
0.006099111,192,0.003526048,111,0.495743329,15606,0.006080587,0.003519846,0.002664807,-0.724653724,9.290001956,15388,0.488818297,Willowbrook,9276,0.002668361,84,8.577472185,9.360721085,260.65,684.56,6.5302360225,,0.484492308,3.325166667,2.263983333,1.777116667,3.067416667,2.906953851,31480,460,0.371791614,11704,11.6746786,12.26086855,10829.20528,117557,211265,423.91,6.0518773818,9.1344205389
0.056605117,3179,0.019515322,1096,0.502626378,28228,0.055061049,0.01932734,0.005168154,-0.572314115,8.735703238,28337,0.504567226,Wilmington,15354,0.005181532,291,5.991043417,1.968274602,235.45,511.62,6.2395348299,,0.564218261,2.85145625,2.0991625,1.66139375,2.52045625,9.027492174,56161,2009,0.600256406,33711,9.905784912,10.60321305,6221.107581,20046,40264,276.17,5.6246310364,7.2439527879
0.003877353,228,0.159430641,9375,0.496080132,29171,0.003869855,0.147929058,0.001410498,-0.70240861,9.286461489,29656,0.50432801,Winnetka,18686,0.001411493,83,3.330210302,4.962308255,411.31,596.69,6.3930722249,,0.495390663,2.296663636,1.865009091,1.363763636,2.953927273,5.449297295,58803,2924,0.432443923,25429,9.060679597,9.65489798,10790.93263,8610,15598,185.38,5.2277876004,5.251037522
0.002660476,157,0.097183624,5735,0.494441808,29178,0.002656943,0.092746555,0.00022027,-0.065553842,8.411992605,28243,0.478597573,Woodland Hills,2329,0.000220294,13,1.20751941,1.806555112,193.96,248.33,5.5187773202,,0.93654862,1.077935714,1.81955,0.509771429,1.683092857,13.11168068,59012,3192,0.734867485,43366,10.40734898,10.95082409,4500.719737,33102,57001,54.37,4.0140379308,1.6939049972
0.014651259,142,0.076145274,738,0.501341312,4859,0.014544966,0.073385466,0.000309486,-1.607543628,9.687987423,4746,0.489682212,Cypress Park,3094,0.000309534,3,10.31925237,7.985558592,292.5764322,482.3105025,6.1806593094,,0.200379216,3.2765,2.0502,1.785333333,3.0862,0.601137647,9692,25,0.567271977,5498,10.89642333,11.52750688,16122.76331,53982.93893,101468.8244,189.7340703,5.2508801558,9.6141464221
0,0,0.279842199,2199,0.540977348,4251,0,0.246736788,0.006848474,-1.636034415,9.912174634,3827,0.487019598,Larchmont,1328,0.006871978,54,2.236695259,-1.695648996,292.5764322,482.3105025,6.1806593094,,0.194750814,1.48195,0.7017,1.28725,2.93725,0.389501628,7858,345,0.478875032,3763,10.89642333,11.52750688,20174.49847,53982.93893,101468.8244,189.7340703,5.2508801558,1.6423640556
0.01965602,8,0.01965602,8,0.459459459,187,0.019465335,0.019465335,0.038558993,1.185859749,1.139321477,292,0.717444717,Unincorporated Catalina Island,38,0.039312039,16,3.128632502,-14.03036283,292.5764322,482.3105025,6.1806593094,,3.2735,0.4888,0.5747,0.1558,3.2735,130.2546927,407,8,0.985257985,401,10.89642333,11.52750688,3.124647501,53982.93893,101468.8244,189.7340703,5.2508801558,6.317148304
0.009622154,123,0.255104436,3261,0.509426582,6512,0.009576156,0.227218785,0.007714825,-0.562908026,8.92016718,6332,0.495345381,Mayflower Village,1991,0.007744661,99,2.294960919,0.534836644,292.5764322,482.3105025,6.1806593094,,0.569550386,1.328666667,1.812933333,1.097233333,1.790433333,1.708651157,12783,361,0.505671595,6464,10.24074519,10.79431688,7481.339855,28022,48743,189.7340703,5.2508801558,2.9401144069
0.022538957,661,0.014253077,418,0.494731817,14509,0.022288708,0.014152457,0.002213935,-0.630007974,9.124512377,14627,0.498755413,West Whittier-Los Nietos,12991,0.002216388,65,2.516854103,4.373318239,292.5764322,482.3105025,6.1806593094,,0.532587554,2.203216667,2.127233333,1.51215,2.561383333,3.195525326,29327,758,0.475909571,13957,10.6559644,11.50868649,9177.520754,42445,99577,189.7340703,5.2508801558,3.8484529449
0.006884243,108,0.129207037,2027,0.485147884,7611,0.006860655,0.121515649,0,-0.672084444,8.94644145,7391,0.471124426,Mount Washington,3042,0,0,1.714604921,2.316913833,292.5764322,482.3105025,6.1806593094,,0.510643061,1.6882,1.764275,1.17975,1.7352,2.042572244,15688,577,0.562340643,8822,9.441452093,10.21398242,7680.511691,12600,27282,189.7340703,5.2508801558,2.8724564548
0.008466093,702,0.051930197,4306,0.505457133,41912,0.008430457,0.050626759,0.000626921,-0.346849445,8.782097194,39797,0.479950313,Sylmar,12740,0.000627118,52,5.646214965,5.605649373,292.5764322,482.3105025,6.1806593094,,0.706911749,2.293805556,2.349722222,1.502477778,2.324494444,12.72441149,82919,2257,0.71647029,59409,10.89642333,11.52750688,6516.529277,53982.93893,101468.8244,189.7340703,5.2508801558,6.0969343687
0.003013994,42,0.07090061,988,0.459131683,6398,0.003009461,0.068499986,0.000502206,0.350191277,8.093355375,7073,0.507570865,Lake View Terrace,1594,0.000502332,7,2.35772652,4.561256026,292.5764322,482.3105025,6.1806593094,,1.419339009,2.174633333,2.183666667,1.360066667,3.3206,4.258017026,13935,400,0.667599569,9303,10.53102898,11.0757994,3272.650136,37460,64589,189.7340703,5.2508801558,5.0524935724
0,0,0.0956267,457,0.491734673,2350,0,0.091326528,0,1.196438876,7.275547723,2506,0.524377485,Bel-Air,24,0,0,-4.566454264,-1.098088882,292.5764322,482.3105025,6.1806593094,,3.308314601,0.4427,1.9777,0.3543,2.0563,3.308314601,4779,265,0.826951245,3952,10.89642333,11.52750688,1444.542184,53982.93893,101468.8244,189.7340703,5.2508801558,-1.075089363
0.009847855,367,0.112834411,4205,0.43840395,16338,0.009799681,0.106910284,0.003803101,2.342657603,5.698299243,22943,0.615638501,Castaic Canyons,3514,0.003810342,142,-7.81279229,-4.304992607,292.5764322,482.3105025,6.1806593094,,10.40886246,1.5276,1.6786,0.715883333,1.301116667,124.9063495,37267,3112,0.694555505,25884,9.974411891,10.65143064,298.3595321,21470,42253,189.7340703,5.2508801558,-1.339412879
0.003322599,65,0.184020856,3600,0.501968001,9820,0.003317091,0.168916151,0.000357754,0.276172339,5.536756143,9499,0.485559475,Unincorporated Santa Susana Mountains,837,0.000357818,7,7.883523438,0.986626834,292.5764322,482.3105025,6.1806593094,,1.318075,1.37635,1.70705,0.842,1.318075,77.06422484,19563,1341,0.656903338,12851,11.294956,11.92015568,253.8531989,80415,150265,189.7340703,5.2508801558,7.0396037583
0.000818696,11,0.112607919,1513,0.517043763,6947,0.000818361,0.106706736,0.004159245,0.687541187,7.719539475,6543,0.48697529,Castaic,581,0.004167907,56,-1.555633866,-3.120752498,292.5764322,482.3105025,6.1806593094,,1.988819381,1.046766667,1.503466667,0.506966667,0.5619,5.966458144,13436,809,0.749404585,10069,10.89642333,11.52750688,2251.922275,53982.93893,101468.8244,189.7340703,5.2508801558,-0.144036742
0.007101437,169,0.107403984,2556,0.479998319,11423,0.007076341,0.102018523,0.002727599,-1.048088166,9.516007077,11394,0.478779729,South San Jose Hills,9309,0.002731322,65,7.448211541,7.41519158,292.5764322,482.3105025,6.1806593094,,0.350607412,2.9332,2.17024,1.78766,2.3083,1.753037058,23798,487,0.406924952,9684,10.89642333,11.52750688,13575.29773,53982.93893,101468.8244,189.7340703,5.2508801558,7.3874325695
0.004721768,228,0.247520036,11952,0.383560793,18521,0.004710655,0.221157609,0.001779434,-0.9070815,9.127049793,25047,0.51871104,Downtown,4745,0.001781018,86,-0.31744098,1.0339034,292.5764322,482.3105025,6.1806593094,,0.403700707,2.249884615,1.227707692,1.2635,3.307230769,5.248109197,48287,2450,0.343260091,16575,10.86341232,11.56906948,9200.837518,52230,105775,189.7340703,5.2508801558,2.4796795839
0.0173526,269,0.078505999,1217,0.528641466,8195,0.017203763,0.075576749,0.00154699,-1.069394984,9.619507021,7681,0.495484454,Citrus,6601,0.001548187,24,3.337689139,3.692547824,292.5764322,482.3105025,6.1806593094,,0.343216106,2.489866667,1.517533333,1.509366667,3.162733333,1.029648319,15502,439,0.443620178,6877,7.862112212,8.562357743,15055.626,2597,5231,189.7340703,5.2508801558,5.1343348615
0.006602978,47,0.277044114,1972,0.668165215,4756,0.006581274,0.244548121,0,0.020039577,8.157195309,4146,0.582466985,Ramona,1305,0,0,0.142371306,-1.104168481,292.5764322,482.3105025,6.1806593094,,1.020241717,1.16445,1.49305,1.12165,2.98215,2.040483433,7118,529,0.68670975,4888,9.814492391,10.51170301,3488.389018,18297,36743,189.7340703,5.2508801558,1.5539839249
0.006916267,150,0.239994467,5205,0.560309849,12152,0.006892459,0.215106918,0,-1.790454593,9.983209513,11326,0.522224271,Arlington Heights,8077,0,0,8.351772492,8.548351201,292.5764322,482.3105025,6.1806593094,,0.166884288,2.7175,2.028166667,1.844933333,3.57065,1.00130573,21688,325,0.298045002,6464,9.446913344,10.11236989,21659.71826,12669,24646,189.7340703,5.2508801558,8.2372945527
0.006531274,137,0.028222731,592,0.472158658,9904,0.006510038,0.027831808,0.002761249,0.577577319,3.954394302,9502,0.452993898,Northeast Antelope Valley,4866,0.002765065,58,15.00982809,3.972964587,292.5764322,482.3105025,6.1806593094,,1.781716667,2.534033333,1.934433333,0.90445,1.781716667,402.1157183,20976,1026,0.50553013,10604,10.6928763,11.29747723,52.16408871,44041,80618,189.7340703,5.2508801558,13.697748026
0.007812813,195,0.170279258,4250,0.494010177,12330,0.007782451,0.157242402,0.001161232,-0.843798766,9.022878374,11677,0.46784727,Montecito Heights,7762,0.001161906,29,7.67784052,5.852158651,292.5764322,482.3105025,6.1806593094,,0.430073667,2.709914286,2.006985714,1.602914286,2.5653,3.010515671,24959,937,0.396890901,9906,10.41018467,10.99973037,8290.606237,33196,59858,189.7340703,5.2508801558,7.6415047354
0.003695598,103,0.087259158,2432,0.516486671,14395,0.003688786,0.083659996,0.001147488,0.559428015,5.590827204,13584,0.487388325,Unincorporated Santa Monica Mountains,404,0.001148147,32,4.054529504,-1.86288684,292.5764322,482.3105025,6.1806593094,,1.749671429,0.819514286,1.617785714,0.197571429,1.749671429,104.0128861,27871,929,0.83097126,23160,9.897821531,10.59500841,267.9571834,19887,39935,189.7340703,5.2508801558,4.8977968507
0.037878788,10,0.068181818,18,0.390151515,103,0.037179003,0.065957968,0,1.127642961,4.448306143,134,0.507575758,Sepulveda Basin,13,0,0,2.161668311,-2.18437341,292.5764322,482.3105025,6.1806593094,,3.088368508,0.86,1.5794,0.2581,1.2742,3.088368508,264,18,0.628787879,166,10.89642333,11.52750688,85.48202694,53982.93893,101468.8244,189.7340703,5.2508801558,4.2906986973
0,0,0.6,3,1,5,0,0.470003629,0,2.088680268,-0.479242356,0,0,Griffith Park,1,0,0,32.68935187,-16.55404518,292.5764322,482.3105025,6.1806593094,,8.074252283,0,0,0.9971,0,8.074252283,5,0,0.2,1,10.89642333,11.52750688,0.619252387,53982.93893,101468.8244,189.7340703,5.2508801558,16.741076843
0.003133942,46,0.097969751,1438,0.540468729,7933,0.003129041,0.093462794,0.000544885,-1.151472949,9.35928364,7824,0.533042649,Vincent,7041,0.000545033,8,4.904983685,8.119366449,292.5764322,482.3105025,6.1806593094,,0.316170723,1.8688,1.786275,1.286575,2.08595,1.264682893,14678,734,0.431053277,6327,10.3179124,10.8534258,11606.07144,30270,51711,189.7340703,5.2508801558,4.9514587445
0.00013132,1,0.010768221,82,0.505843729,3852,0.000131311,0.010710657,0,-0.693524926,8.938253012,3432,0.450689429,Athens,2309,0,0,7.99994814,9.625342033,292.5764322,482.3105025,6.1806593094,,0.499811163,2.82775,1.96345,1.5841,2.68795,0.999622325,7615,256,0.14432042,1099,10.89642333,11.52750688,7617.877082,53982.93893,101468.8244,189.7340703,5.2508801558,7.6621049679
0.017816813,71,0.015809285,63,0.481304893,1918,0.017659954,0.01568562,0.002255922,0.849253091,3.885299849,2088,0.523964868,Northwest Antelope Valley,138,0.002258469,9,10.82859923,0.727546392,292.5764322,482.3105025,6.1806593094,,2.3379,1.988,1.8346,0.2534,2.3379,81.85854873,3985,106,0.822584693,3278,10.40759063,10.96270045,48.68153738,33110,57682,189.7340703,5.2508801558,11.509711003
0.001676686,41,0.560135771,13697,0.51707357,12644,0.001675282,0.44477285,0.001226091,-0.697881934,9.192952208,11341,0.463787674,East San Gabriel,2816,0.001226843,30,1.867356845,-0.353970555,292.5764322,482.3105025,6.1806593094,,0.497638219,1.60952,1.72772,1.4805,2.04,2.488191096,24453,668,0.262585368,6421,8.261009786,8.955060951,9827.621375,3870,7747,189.7340703,5.2508801558,3.0379788312
0,0,0.007017872,75,0.605127725,6467,0,0.006993361,0.00112223,-0.557885059,9.141521206,4259,0.398521568,Gramercy Park,676,0.00112286,12,11.87692355,10.94832585,292.5764322,482.3105025,6.1806593094,,0.572418416,2.57735,2.6965,1.38935,2.82095,1.144836832,10687,315,0.129596706,1385,10.89642333,11.52750688,9334.95473,53982.93893,101468.8244,189.7340703,5.2508801558,9.8468613579
0.004167132,112,0.047884809,1287,0.529932656,14243,0.004158474,0.046773665,0.001784321,-1.284195069,9.5373111,11935,0.444059977,Baldwin Hills/Crenshaw,2328,0.001785914,48,9.655975877,10.66749565,292.5764322,482.3105025,6.1806593094,,0.276873358,2.616214286,2.187828571,1.313942857,2.327028571,1.938113508,26877,1009,0.221676526,5958,7.245655068,7.754910272,13867.60883,1402,2333,189.7340703,5.2508801558,9.7238007993
0.004284726,638,0.036561205,5444,0.503965722,75041,0.004275573,0.035908701,0.002709538,0.665700316,7.913132108,75174,0.504858933,Lancaster,8995,0.002713212,404,2.19767031,2.571534164,292.5764322,482.3105025,6.1806593094,,1.945852756,2.653171429,2.231467857,0.935121429,2.319996429,54.48387717,148901,6732,0.645435558,96106,6.981934677,7.61085279,2732.93693,1077,2020,189.7340703,5.2508801558,6.2633335375
0.002369245,53,0.096468485,2158,0.535762181,11985,0.002366443,0.092094547,0.000536289,-1.569798931,9.505833442,10273,0.459231113,Beverly Grove,890,0.000536433,12,1.163533791,-1.824151254,292.5764322,482.3105025,6.1806593094,,0.208087018,0.9718625,1.22765,0.3600125,2.421025,1.664696147,22370,1261,0.773625391,17306,9.764857469,10.7236858,13437.88777,17411,45419,189.7340703,5.2508801558,1.3364201798
0.006582278,39,0.085738397,508,0.443881857,2630,0.006560709,0.082260306,0,2.061587154,6.625348812,2607,0.44,Northwest Palmdale,413,0,0,-1.225711566,-2.543966947,292.5764322,482.3105025,6.1806593094,,7.858432462,1.865,2.1149,0.6323,1.7052,7.858432462,5925,207,0.631054852,3739,10.89642333,11.52750688,753.9671593,53982.93893,101468.8244,189.7340703,5.2508801558,2.247188546
,0,,0,,0,,,,-0.681429632,,0,,Universal City,0,,0,,,292.5764322,482.3105025,6.1806593094,,0.505893234,0,0,0,0,0.505893234,0,0,,0,10.89642333,11.52750688,0,53982.93893,101468.8244,189.7340703,5.2508801558,
0.021434208,842,0.206781559,8123,0.496194283,19492,0.021207726,0.187956947,0.00027998,-1.406581145,9.682543185,20062,0.510704376,Sawtelle,2826,0.000280019,11,-0.412367445,-1.756683251,292.5764322,482.3105025,6.1806593094,,0.244979402,1.37224,0.85867,0.76332,2.47051,2.449794024,39283,2481,0.609729399,23952,9.499271664,10.18233068,16035.22566,13350,26432,189.7340703,5.2508801558,0.9441636203
0.004509583,4,0.010146561,9,0.317925592,282,0.004499445,0.01009543,0,0.529922119,0.662627586,617,0.695603157,Angeles Crest,81,0,0,8.334707252,7.498159455,292.5764322,482.3105025,6.1806593094,,1.6988,1.2961,1.54785,0.78865,1.6988,457.2441058,887,70,0.735062007,652,6.513230111,7.152268856,1.939882852,674,1277,189.7340703,5.2508801558,12.433830616
0.006889577,327,0.010302762,489,0.487748351,23150,0.006865952,0.01025005,0.000252797,-1.444453322,9.727252413,23664,0.49857784,Historic South-Central,23872,0.000252829,12,9.819927149,11.22823103,292.5764322,482.3105025,6.1806593094,,0.235874989,3.530491667,2.289841667,1.9326,2.916916667,2.830499862,47463,667,0.390409372,18530,10.92769952,11.61033344,16768.41629,55698,110231,189.7340703,5.2508801558,9.6308551391
0.012798355,585,0.004834934,221,0.46944803,21458,0.012717148,0.004823283,0.000196879,-1.55974693,9.987212332,21210,0.464022403,Central-Alameda,21428,0.000196898,9,10.21178336,11.4807242,292.5764322,482.3105025,6.1806593094,,0.210189257,3.57486,2.34105,1.95255,2.79672,2.101892569,45709,365,0.346561946,15841,9.429315246,10.08000061,21746.59194,12448,23861,189.7340703,5.2508801558,10.290964412
0.002452664,25,0.057686648,588,0.466104189,4751,0.002449661,0.056084116,0.000784544,0.70851187,2.963975684,5316,0.521534386,Ridge Route,669,0.000784852,8,12.32051209,3.843253433,292.5764322,482.3105025,6.1806593094,,2.030966667,1.917466667,2.2088,0.5568,2.030966667,526.094474,10193,573,0.77092122,7858,6.318968114,6.998509642,19.37484711,555,1095,189.7340703,5.2508801558,14.076623942
0.00526798,23,0.043289052,189,0.481905634,2104,0.005254153,0.042378273,0,-0.295709805,7.984165161,1806,0.413650939,West Compton,688,0,0,9.390283243,9.405668979,292.5764322,482.3105025,6.1806593094,,0.744003303,2.9094,2.8832,1.5704,3.02775,1.488006606,4366,37,0.221026111,965,6.459904454,7.263329617,2934.126759,639,1427,189.7340703,5.2508801558,11.169323136
0.00382751,349,0.068401658,6237,0.501118642,45693,0.003820204,0.066163754,0.00525039,-0.257782069,8.500341027,44417,0.487124652,San Pedro,13983,0.005264197,480,4.229028295,3.015114954,292.5764322,482.3105025,6.1806593094,,0.772763623,2.028420833,2.1242375,0.990091667,2.208104167,18.54632694,91182,7103,0.615900068,56159,10.39016392,11.03804597,4916.445196,32538,62196,189.7340703,5.2508801558,5.3061086575
0,0,0,0,0,0,0,0,0,0.90158791,1.58331874,0,0,Hansen Dam,0,0,0,15.88783007,2.433203154,292.5764322,482.3105025,6.1806593094,,2.463511842,0,1.9428,0.5439,0,2.463511842,12,0,0,0,10.89642333,11.52750688,4.871094912,53982.93893,101468.8244,189.7340703,5.2508801558,12.154412551
0.011805199,5618,0.131977423,62807,0.507070932,241311,0.011736061,0.123966035,0.009213725,-0.882612504,9.228170901,235312,0.494465131,Long Beach,62150,0.009256302,4405,5.316424676,1.28942669,292.5764322,482.3105025,6.1806593094,,0.413700704,2.123838053,1.853464602,1.033947788,2.390020354,46.74817958,475892,26187,0.532973868,253638,12.58314857,13.21503736,10179.90442,291603,548552,189.7340703,5.2508801558,4.9120151512
0,0,0.537612248,3652,0.596643604,4053,0,0.430230725,0,-1.19975935,9.330260117,3464,0.5099367,Windsor Square,490,0,0,2.81592733,-0.004049691,292.5764322,482.3105025,6.1806593094,,0.301266703,1.37205,1.5829,1.4004,2.5027,0.602533407,6793,439,0.390107464,2650,8.998260393,9.775085838,11274.06368,8089,17590,189.7340703,5.2508801558,2.9687275589
0.003084199,30,0.049038758,477,0.525444639,5111,0.003079453,0.047874276,0,2.727083954,5.762429668,4711,0.48432199,Topanga,86,0,0,-4.389460628,-4.671627048,292.5764322,482.3105025,6.1806593094,,15.28824074,0.7151,1.9639,0.0484,1.60025,30.57648148,9727,381,0.898427059,8739,9.366660126,9.893083619,318.1203176,11692,19793,189.7340703,5.2508801558,0.0618760822
0.006756757,4,0,0,0.5,296,0.006734032,0,0,0.44051045,0.892822701,310,0.523648649,Tujunga Canyons,13,0,0,10.73278806,-6.859112847,292.5764322,482.3105025,6.1806593094,,1.5535,2.071,0.77615,0.35455,1.5535,242.4229515,592,5,0.942567568,558,4.356708827,5.707110265,2.442013004,78,301,189.7340703,5.2508801558,12.523507346
0.004487746,193,0.225224387,9686,0.517299912,22247,0.004477706,0.203124,0.002484935,-1.407864019,9.679063666,20895,0.485862438,Mid-Wilshire,4504,0.002488025,107,1.097659156,0.091013216,292.5764322,482.3105025,6.1806593094,,0.244665326,1.297927273,1.024063636,0.972018182,2.284045455,2.691318586,43006,2031,0.473654839,20370,9.821952065,10.50355955,15979.52774,18434,36445,189.7340703,5.2508801558,1.4454193011
0.006518942,228,0.006032881,211,0.493724089,17268,0.006497786,0.006014756,0,-1.543604869,9.926552127,15388,0.439971408,Vermont-Slauson,15109,0,0,11.63985626,12.60786321,292.5764322,482.3105025,6.1806593094,,0.213609677,3.2985625,2.4455,1.8605,2.8450375,1.708877414,34975,634,0.240343102,8406,10.92058244,11.56419826,20466.65238,55303,105261,189.7340703,5.2508801558,10.362042592
0.001508675,6,0.000754337,3,0.520995725,2072,0.001507538,0.000754053,0,-1.511441997,9.799725042,1961,0.49308524,East Compton,1412,0,0,11.2018116,11.04042034,292.5764322,482.3105025,6.1806593094,,0.220591656,3.6746,2.1398,1.8569,2.791,0.220591656,3977,115,0.472466683,1879,10.89642333,11.52750688,18028.78709,53982.93893,101468.8244,189.7340703,5.2508801558,10.348827738
0.000601002,18,0.150584307,4510,0.480634391,14395,0.000600821,0.140269906,0.000834377,-1.268728878,9.378788903,15222,0.508247078,Silver Lake,3096,0.000834725,25,1.115165812,1.232631243,292.5764322,482.3105025,6.1806593094,,0.28118882,1.516911111,1.033222222,0.852533333,2.421288889,2.530699382,29950,1109,0.659098497,19740,9.882774511,10.49113532,11834.67314,19590,35995,189.7340703,5.2508801558,2.2204588451
0.007986416,428,0.001865985,100,0.500811703,26839,0.007954693,0.001864246,0.000242549,-1.538555736,9.862742802,25635,0.478345245,Florence,27256,0.000242578,13,10.61791757,12.19035799,292.5764322,482.3105025,6.1806593094,,0.214690948,3.544469231,2.271607692,1.907923077,2.636576923,2.790982322,53591,685,0.256367674,13739,10.12982599,10.79345484,19201.48314,25080,48701,189.7340703,5.2508801558,10.122038049
0.009425223,234,0.004470939,111,0.499415958,12399,0.009381083,0.004460974,0,-1.371652814,9.88190195,10980,0.442260442,Broadway-Manchester,9270,0,0,10.93189459,11.49224084,292.5764322,482.3105025,6.1806593094,,0.253687315,3.43158,2.40912,1.82896,2.86726,1.268436576,24827,267,0.26616184,6608,10.19649293,10.85564723,19572.91399,26809,51826,189.7340703,5.2508801558,10.276088365
0.006494084,219,0.001304748,44,0.518577825,17488,0.006473088,0.001303898,0.001718417,-1.33200426,9.812029486,14659,0.434688492,Westmont,8112,0.001719894,58,9.650570276,9.910507811,292.5764322,482.3105025,6.1806593094,,0.263947711,3.249771429,2.570857143,1.575042857,2.749028571,1.847633978,33723,462,0.217803873,7345,8.91449171,9.769498913,18251.99168,7439,17492,189.7340703,5.2508801558,9.6831810241
0.002817121,397,0.154572677,21783,0.509735744,71834,0.00281316,0.143730299,0.001786601,-0.327374505,8.656989997,68364,0.485112543,Pasadena,18241,0.001788198,252,2.311351318,1.840520606,292.5764322,482.3105025,6.1806593094,,0.720813744,1.524973529,1.729417647,0.997411765,2.454635294,24.50766731,140924,5502,0.562686271,79296,11.08584338,11.70687911,5750.200467,65241,121404,189.7340703,5.2508801558,3.0693955814
0,0,0.334554335,1644,0.558201058,2743,0,0.288597405,0.00790518,-0.019749491,8.519593044,2229,0.453601954,Alondra Park,320,0.007936508,39,4.243136737,-1.116036056,292.5764322,482.3105025,6.1806593094,,0.980444253,1.6832,1.9978,1.0794,1.2066,0.980444253,4914,326,0.488807489,2402,9.437874272,10.0105017,5012.013671,12555,22259,189.7340703,5.2508801558,4.3986337496
0.001381693,16,0.020984456,243,0.541623489,6272,0.001380739,0.020767315,0.002501187,-0.08273805,8.74662562,5368,0.463557858,View Park-Windsor Hills,314,0.002504318,29,2.746852721,7.663441051,292.5764322,482.3105025,6.1806593094,,0.920592265,1.5894,2.23755,0.91135,1.8441,1.84118453,11580,640,0.099395509,1151,8.615589513,9.274347502,6289.429338,5517,10661,189.7340703,5.2508801558,4.1738745865
0.001420455,17,0.054060829,647,0.509358289,6096,0.001419447,0.052650161,0.004418699,-1.328207054,9.331904395,5537,0.462650401,Fairfax,318,0.004428476,53,3.922756962,0.125712049,292.5764322,482.3105025,6.1806593094,,0.26495188,1.367175,1.245675,0.400925,2.3499,1.059807519,11968,655,0.791861631,9477,10.89642333,11.52750688,11292.61662,53982.93893,101468.8244,189.7340703,5.2508801558,3.5241816382
0.006922893,29,0.056338028,236,0.508713297,2131,0.00689904,0.054808236,0,0.547831841,7.79238548,2248,0.53664359,Lopez/Kagel Canyons,950,0,0,1.413448895,4.863733277,292.5764322,482.3105025,6.1806593094,,1.729499121,1.7709,2.3435,1.1694,2.6512,1.729499121,4189,164,0.609930771,2555,10.89642333,11.52750688,2422.088539,53982.93893,101468.8244,189.7340703,5.2508801558,3.8398752243
0.000731596,16,0.090534979,1980,0.579103795,12665,0.000731329,0.086668382,0.000411438,-1.394364388,9.595476033,10969,0.501554641,Pico-Robertson,990,0.000411523,9,5.273616522,4.367687827,292.5764322,482.3105025,6.1806593094,,0.247990612,1.148966667,1.8799,0.615183333,2.4169,1.487943672,21870,1130,0.856241427,18726,10.87174435,11.47114468,14698.13704,52667,95908,189.7340703,5.2508801558,4.4097736237
0.006599246,462,0.007470575,523,0.514555479,36023,0.006577566,0.007442808,0.001826693,-0.820392604,9.578862133,34253,0.489272655,Lynwood,23658,0.001828362,128,7.721662001,7.750915027,292.5764322,482.3105025,6.1806593094,10,0.440258773,3.204009091,2.015918182,1.803627273,2.667081818,4.842846498,70008,1051,0.543166495,38026,11.68983239,12.25733594,14455.96098,119352,210520,189.7340703,5.2508801558,7.4707273055
0.002444444,33,0.048740741,658,0.46837037,6323,0.002441461,0.04759015,0.003401615,0.070580122,8.053570481,7895,0.584814815,Hollywood Hills West,327,0.003407407,46,-6.269607481,-2.547274739,292.5764322,482.3105025,6.1806593094,,1.073130547,0.7512,1.091925,0.271525,1.23205,4.29252219,13500,597,0.896,12096,9.340666634,10.01993637,3145.004126,11392,22470,189.7340703,5.2508801558,-2.259894299
0.005484988,513,0.032332564,3024,0.502662304,47013,0.00547,0.031820867,0.000993861,-1.322794307,9.549934619,46151,0.493445813,Boyle Heights,24813,0.000994355,93,10.54013225,10.53478963,292.5764322,482.3105025,6.1806593094,10,0.266389886,3.158172,2.530704,1.882156,2.966344,6.659747142,93528,1363,0.66420751,62122,10.32571144,10.90342066,14043.77644,30507,54362,189.7340703,5.2508801558,10.252624518
0.000476839,7,0.0126703,186,0.514577657,7554,0.000476725,0.012590703,0,-0.994761635,9.490390649,7148,0.486920981,Chesterfield Square,4280,0,0,9.754191785,12.66428137,292.5764322,482.3105025,6.1806593094,,0.369811584,3.270333333,2.540833333,1.653166667,2.4432,1.109434752,14680,246,0.260831063,3829,10.16192102,10.76736858,13231.96337,25898,47447,189.7340703,5.2508801558,9.7536994155
0.003649635,4,0.052007299,57,0.124087591,136,0.003642991,0.050700053,0.001823155,-0.023194501,7.022616968,879,0.802007299,Veterans Administration,35,0.001824818,2,-4.246322812,12.74204584,292.5764322,482.3105025,6.1806593094,,0.977072424,3.6434,2.7458,0.8675,2.8275,0.977072424,1096,37,0.472627737,518,7.588323677,8.187577396,1121.718281,1975,3596,189.7340703,5.2508801558,7.1492382876
